CREATE DATABASE  IF NOT EXISTS `wineman` /*!40100 DEFAULT CHARACTER SET utf8 */;
USE `wineman`;
-- MySQL dump 10.13  Distrib 5.6.17, for Win32 (x86)
--
-- Host: localhost    Database: wineman
-- ------------------------------------------------------
-- Server version	5.6.20

/*!40101 SET @OLD_CHARACTER_SET_CLIENT=@@CHARACTER_SET_CLIENT */;
/*!40101 SET @OLD_CHARACTER_SET_RESULTS=@@CHARACTER_SET_RESULTS */;
/*!40101 SET @OLD_COLLATION_CONNECTION=@@COLLATION_CONNECTION */;
/*!40101 SET NAMES utf8 */;
/*!40103 SET @OLD_TIME_ZONE=@@TIME_ZONE */;
/*!40103 SET TIME_ZONE='+00:00' */;
/*!40014 SET @OLD_UNIQUE_CHECKS=@@UNIQUE_CHECKS, UNIQUE_CHECKS=0 */;
/*!40014 SET @OLD_FOREIGN_KEY_CHECKS=@@FOREIGN_KEY_CHECKS, FOREIGN_KEY_CHECKS=0 */;
/*!40101 SET @OLD_SQL_MODE=@@SQL_MODE, SQL_MODE='NO_AUTO_VALUE_ON_ZERO' */;
/*!40111 SET @OLD_SQL_NOTES=@@SQL_NOTES, SQL_NOTES=0 */;

--
-- Table structure for table `company`
--

DROP TABLE IF EXISTS `company`;
/*!40101 SET @saved_cs_client     = @@character_set_client */;
/*!40101 SET character_set_client = utf8 */;
CREATE TABLE `company` (
  `id` int(11) NOT NULL AUTO_INCREMENT,
  `name` varchar(45) DEFAULT NULL,
  `address` varchar(45) DEFAULT NULL,
  `city` varchar(45) DEFAULT NULL,
  `code_postal` varchar(45) DEFAULT NULL,
  `tel` varchar(45) DEFAULT NULL,
  `fax` varchar(45) DEFAULT NULL,
  `web_site` varchar(45) DEFAULT NULL,
  `email` varchar(45) DEFAULT NULL,
  `logo` blob,
  PRIMARY KEY (`id`),
  UNIQUE KEY `id_UNIQUE` (`id`)
) ENGINE=InnoDB AUTO_INCREMENT=2 DEFAULT CHARSET=utf8;
/*!40101 SET character_set_client = @saved_cs_client */;

--
-- Dumping data for table `company`
--

LOCK TABLES `company` WRITE;
/*!40000 ALTER TABLE `company` DISABLE KEYS */;
INSERT INTO `company` VALUES (1,'MicroVinPlus','245-O Boul. St-Jean','Pointe Claire','H9R 3J1','(514) 695-4467','','www.microvin.com',NULL,'PNG\r\n\Z\n\0\0\0\rIHDR\0\0	\0\0\0\0\0\0o\0\0\0bKGD\0\0\0\0\0\0	pHYs\0\0\0\0od\0\0\0tIME<t\0\0 \0IDATx{u}m/3NlI ِ$!d%hEP(hMKmlN=*vE=&XV{ܥ?=UXj@bB6@`s]H&3{~S|^<|{ޠZ\n}*4~\r`޿I}*44448H۽TJHy\r_\' [ZZd2G\Z5էICCCf)Q7JQ)>e\ZxGRJy(ICC2JIM4444m566J)󿤔RI /ߗ\'N-2M4HZu?/\rA8p@:*G^^Z\\ k7Mf󶚮<~\\ϥ7P#;|·?punJ:&Ntw\0{?3z F JHRرgx/PW{\0FOu|0?6m7	/%\"h$IOvc9ݷE3t0|!O?>Igg]v5_op\nLgyT;vWxDp#y۶mMׯ\'ɐNill$J/= /<׆<Vjihh\00.C	}%5t$A5|\nԐJ{*y	T\"ͧ5df^sD+̿lݺ;w6\nqhllldhΞ?@ R\"XZyvE`=k*o9y]v܏ϗΟc3gPwy>Y1;+ۖ 08پ};۶mWW^M&wDE|<C\'0v&hr+-A㘯-$Ndصk~J/\Z:ظFOOe{Yz^z!LC %i6>RJFzɌ=1BpQvmvo\"p\08t\0ߴ17apC!L`E2g	4n۽]@Js-]t9>y)v}.gx^LԿ}yb&P%Nb֛TsssrǎTE~#k	@ Tc!we4,};vѴiӦL&z$A7 477onkkc.~ggUW%R&~kNElhΘdz_	E[=ViXׄlIY@c/H}.=D~î^}f@&8i^o8!{6}@$	mdc$Iz~kwHyϙ0σA+ĉlذׁz)$A7\rR涶6z>Ⱦ]k{Wn\rB<1~g;r}dΤy?vsb%uL&h~>xȁ\01F9OX@TO! HDڞs+~·/}G/<dğ3DRv;l#W.@=0QX`9ܼn	>gprm2歛X\0<NH@Gz\\whkkcڵ?6uI96oٲѓ5wDn-Ya1XM\0S9el׎DTg3UΛhndƍ;::~\n|~W{z8i1mi;M\Zȕ!b׍*9Iw	u{ۉ~Ȇ{_dc}U}o} ^(	8OPraرcsKK\'<ξ\'t>x{>jw\rpΟ;:C@H/sysܴinn^޾ٌ&R\'\Z\Z$h)D~{؋ۇ\n\\Z<p*^?yU:Obx4\'9vIlٲ?i;H)]yu@ֽ8(Z⺌y\\6oLMiLGL#3A}P~y\Z R=VE8<a~˙L&[ZZxfޣJ:A62Ǩ1ӽ?S*d1;iz\\Ǭ0j,fDAG44I@wwwwc2˳\"(;]˸{v9W7 t2ç^ u\'V~ F<42xB	9\"qZ(Ǒjbv/HO`BpaK@AV\"jXpHÔFGAfw`NRV⩾:JN\'d4\n\\wsCI	}t:p2@%F$/_cIƛoذ!p\'8p8NPA[eM#~bB~d2i4b	BAF4 reL hPPq@-)\0\n*ј8oSU?)u+(| Ds~J!k\'HBsMc6(\r)D)W;\"]\0l/0\rnB\n־Ȇh\Za#;eUo`\\#w7 iރYvcl4pN\rM4~S Px她\r(w-i<7K8	\\\\L&t:֭[+.j8%i@uTrEPȭD-P\ZjWȏ`_(hDD>I/Xl0| \Z\'(P·	JxBL~pD?PMi0ٚқ~9s俸u$\niSœqˀ\n!{Io<[\np4S;\0&)54I\rE\r\r\r߭xFۘ !v\'-([z].fYAq,wq\'q!Dpŭ|opT*6\\`FS>殮G0MYRy+Gq>e`:\rS-:R9\'4\'D>G?DR5\'Q JB|,_\"Bzj(W#s1}UO(\n\0;łP}ȢID<os<OuyJ=,dNoFKKTjƍ7g2ݨ[ZZZFed2ټiӦߥt:he1GϾ]DWQ<˼{*m;YYptuu\0FAC0\\~z5MgAix4kBdMyKw&QǲKXcIfYAeveMMMر;A[wIWWP\06wvv?s}O|+y3\ZЬ	9P ʹ\\ipA \']J3	\"AuX!\Z3Jf\'b3ͅx\nT\\+ѝbr\0]2=묤\"Ȫ<z <7GL1w}҉:tB :\\y;v`ӦM#T9~Ow9Rko~GG<\0l1Yf]IeN`{ѷK.7#(Hww\n7Itg97|T*EWWW5F :ՠIo .KRΝ[J˃K\'<bd2$I=~yj=o%(ND\'N8ѽR,8}|7\r\rk號.ollL&I~NcRZ=н:@\r!DP}62AaPPy9J#Drj,<\rH)y\rpY_Q^\"L><HYV\ZY~Q2beĊX2E>?q7͓aA\ZC\rFF/>P~d+k<劣SF$]OF$]z6NoB0qk֬C!kLE44I\rG,a_8![ϼ`j뤱c/<5M70f\\7݌􏿈`hbf/X1٬07AauH	Na4sA7	]%+R\ZB6A9[A)Aʔb\'šq&A7I?Et)-\n\':!EH h$OWYk0*ːg} ϓDVW@L&IΞw)CGxՉdFDcq\Zq[nbւ\0dH&\rwtw`)*] VP;9Mco,2Vn$A7;v`nSH(\\:\ZaYzB5{O}O·Ȝow|hd6NPۉX}2[\0bHm}N\\\0	ߟBC	3xG)V11BAF$\'\nD@~b5}Nc*3=ɭCy<#Qd-AՆVXJDHt s+( PH<,AHxY܈ҩ{(SS(L.Eﾻ[[[)=$\r\rQcaߣf0ɩ3@!>oBQf85lz_ņǶmjm!`~ҢIƯ3h1-bم䑭YJ%;Gm/bh)Lwt7Gw3ZMvGXfּn~i?ngT`ւi6nHwww/`\n \"s~b7YNP쏫$ FTA@vAOT(p)3IF휽tm/D\\<3 %Lb+)a<cMp\ZuPy}V(I0Ks]\"X:Ets·RX\")DԨi[>B0K!$v9&f`W#izq}۶mAkk+8\0f]IE|6t#GOJo0&yU	@B?Q<W8sߢt:[GW2IƯ+6wvv6Q{ȌHf71%S%ۖ fB0R\08C!i&nJ*~w_1r6aK\\vT]5tg*HW~v3ȇM25U5\r+$*)3\"@\'Ej1 @;\n+@5Pfb,K%Sj\'|S!i\ZWԣ؛Zv|xOHyߏ2SqF	`\0ҶmfܹwnLoll$ϑ\0h55\0tK1T-TtX9z	jf/n1N7nݺlA44I5ECCC\r\r\r{z-eDlynb!$5vR6_{|>K,u@{{;L&s\\CS\Z\nuIWHc|&:AC<SA PO(^\n򔏇@HB	*7\0biR%)ӨHIP̠gVƺ!+,HAIqJT@|Ah~Q[BĤѪ+*2<RCy$BWaTcQB@>GYCԓӇOL&k3L|l&a{{@I$Jm3Lt`E\0:\\n\nef\n_4Mp&Ez[~}.}ܹj^44ICGGGG]B~M4\'Y2Qǿ}CdF{]=R)nztR7mG?)6m\"LJSguajHlݺ~`\\dC5!s͙7YS/?9LUY3(\rD@T#a\"K΂H%Ô!WhV\"H(LK34Ra+-8;%2o\n-Q<Ulҋ.;\ZXqlݸl9d)+)\nWALHw(%ak)taD@cc#K^x#%Qi۴i5mmm)Z\"N{>O{{;\r\r\rtvvqpO[gރ(UKRe[3~nS/Ұڵ9&hhhkﾖT*Em_!)lۚvEҵ.  1{	<I2L:ɜڴiE[n\n%tttd\0}ň6E3pK\0d2ygSSGkBH1BljJ&D$\nb\\AO	-kxB)RsBL#°PktP\Z$kJP:SMv,ptRqE\rVC(7\";\nʾw@ӑ]m~((:PZf(O)WTQ\\\0tB>#swѱ6ZaɌfI.}{ss3\04L;::.|\rO\\J!E\\vhܹ1֬YC2yn`Νttt4ϋkIƯ^M6lp鱟5---~BVNߑuw<㐽9ikk#4tuuUݙLKL1o\Zxٌ&Ps~ʌ&&$)R	^DJY)g2\"Z4N|\nrBmG*QHy|0]()Vt&AHn?dDO(\\B:!d7仫Ǡ;\"7R#\\:\Z3HȢ\"J\Z45}tz\nF5{$1W$\0ܝNy۶moGEADss3GW@pL$f5ndƍttt4/n׵+^8u\Z\Z$h!Y`\rp)4L&s`۶m-ZƷӯ|yћYi瞺n:;;ꚻ}wuuuOaDLgFQ\\$lVz>H0qݞ޲XR,iU?**Q9GzG7R+CT˘*dֈ<*G(qp/8N|⾲ohԀR)F\0>Il]b%e!Df%0͘-ϙ:UX|(pp<ȠbE=b^wKEv4y?6m!gfq\njha%)YF%AR{UJ\\I1QE@P,aEN:;;W477߉Q>7fyy3<nk@m\Z\Z\Z\Z8{.qҙõSNDSb4S55J@1\'Dl\Z(b%aK&9yP	-v\";%ѝ._p%C[cEk?s&#qsߤT*NOq1y/X-S;	H&c۶mo;q̶6^~9ratʠˀK\0ttt1F݃VA\0\0 \0IDATKy{\"pȌ\r7Б7J>s1K^{+uwwHUw|rwHo#䉿`KX6Z[[n߾d2\0f.?oPνMMM[[[9o_`<7(8	}h2\"\\;EhJ# sFزs::IDV#DAl-,T7^[V/@_3aMhUO!\r!nwhN6fJa\"K}A\'[\'m<#]L67444oٲf^;C~3R.@4kjt\n<\nJDz:c~g^1Y-QcIFLB#	\Z:kfF{f4eSSuw\0;*l</o1ڗ9q۶mh2<%PwcFccmmm|KLr-\\4RA֨-+TȼqB8f\'(J)gc	DFIK9x!s1ʦR>g^ Oǫw)v\naVщ=vOm0ytքijD (m`=<qsO}(${Ϝg\\544ikkk>qw}VspOr߻Bx=5IqU5?~Q_hhHƛ6oznúյ,0N*Buꆽ/iG\0@-)&3g\\n}f骛\'?Ɩ-[>sd2/\0ͨ& \0|,E\n(Ǒ\nDH\rY@\">e*+%FDE5A  :Dt5EY,yBؑ*O*Am%++d<_D\0U@zO\\EeI\'S,[ظq_޸9hmmsG=	F9C*\":QdlWE~KZ]8]}ꮽ:3e~ˏ&	\ZoV,Z]v3JY@W.aղ$	b.kRYs|x㹻CNTA)t\r}6B>sГ,|>ʖ-[ؾ};w=I&-mmm455qt9YUK%;&(\\4:BYpNڒl+mE𥐄fK*֍m6d!TM SPG*iu˘\n*޿yp)EVd\\7)F)D!vƫ?CR,>uKgg\'۷o;wϼ3dˎ;hnn&;|}OC߱J]wpҮi\"B*!%kc\n#=xU?q/HRX׿882*hhf/nqR1Ra\\zO>Xש3d2d)8xkºj뙷ʼX,]nv-[=555477)َzmVo<B%7p&wտ*95\'/(2gXJbõFY4g4 !tCq䠿{|DJC(*nb*\0H&}ztE|l7T9\'i9:kǺxt_}O9v+ȫTOy.PnEis,c|fcc#]]]a44̏+\\Y\n6eI)~p3{j1\Z\rM4!^Zʥ3]EH\ZwB:&555vN?x16Rd\0\r(8/w?L_OV\06B>Ls%gC$/vp}¡V_̛\'Q6\rS$;pV:#\"lv/ȜA8d!lpf\"LX*cfkiRu@)zD@DՐf.!ң9]My9Pk{u]+`ב.~=2\'(ՙ\nwZL}tϳFU\\jYRd\'X.H+R54I/E#wdղqFU8;nZh/(c]<J1|0+B#|oeP:gAJI.7Ğ/vp?Ņ+oqDJ5͜[~A`\rz!tnTQi4&h=x&fx0ڂ6I[[ǣ\'? [&_2F<_i`ܖW!QzēdnL!d>BB<0kZNy6!J*\'%I9#>k>87|T*EWWW==\0\'J|[9tt94^=4\'QE\"-{Bu\n4Qx\r\Zo6`tղΏ}pYe5fXҹgn7ܹg&>dνJܺճ LD5)ku1z\"lKw\n[xLuM_lV[!{\rD[3F~62AfF]EYB%H%sss(cPJ%(T\"<!@zw	Oaw;#Rˠ9dpt}ڕu{dVKowރݭ86WP:G\\\n\0h5^B$ZɳxUu]k)-2ɧ|R7\'N:?83J>-\rM4oxUd>/5Wzo^W40Fu3=2fղ\Z%T3i`;>]tj[V[˹w\Z~%M\'?\\}=jףVcX\rҙ\nĬq3JXXh%D\rmcW##UV5G0Z%䟫ǪAuOJ#2cרɜ x@v#K;A JIhbC\'\\5V]֨7{Ak~(\"f峘%`~>^sp[HuTE$.-RJҧr::6Fh#~|pd֯`M/˟^ۮZ_cciho삻voDuW}g݃L\rm9ūoO=FGG[WW4wOp/tˀX9w\rɋ$>8+	lSI\ngQD3:ZJ˩0saB39WaX򹰡芈HӘ̤j9ȡ^S@b\'xU%y%[r#eKc\\3o\"*R UiD7cA52=ȩw~H`#ji0_#	\'LSs\'2fU.?}yj_Dy$A?:깛?+WE<&c1l}1IgM/y)#y%\\wA\0j/c֭lڴأ>ʂS1d@Z[@Eq-c{,wD \ZdoP_\Z{jBƕt,D(Q@@xv+XFō̇	,CHy@R58I\nO	(tFV*#Y8HP<Ӡ\ne	ŨKy`tфqtfRc-YO7|W(nW:jB%lJGbμ\0l߾\r6p?|o JRg\'C#S{Gx*rnH!E/S[i80544I|NmݛTT\r3ڀ\'HV\"Jڵkٹs>SEZeXĴuw9&hűCOeq\'<~ 2.E[Ɵhpme\\R_5eYT(F6f;Xiw(4R16:Q0	(R=Xd!>IH$J8J/qlMQ@#LjH?|b)%YT!xWSKּރM;ŰϗSBNskP\0̞w)]]]d2L&ӹuc6l;8$Cׁh;RHXØv˛&	\Z*6q>1ybhϏV߶ˮ< B6m\\:2e2t٦%0Jh;ĬwO+ `s>C׼^zkn,cYlܸ}ŞJqJqǃG(>0F1|ȼqxE,Y)9%Qss!\ZyWOgԽ6[ (7TWUOTluM9pol}ߕz	v5Ek`ʛk1YʏU2r]!<OuCy_kf/ɓtuu=aÆ׮];~c=!l}\nvRddղ\rTi;IƯTÂc`+RO3B\Z\'s\0_~\02	hww7aŹww~8J*K\0$m;!\\INx|\0.o`ƍ ]މAtel\nAyp8XP}VN,vp}$>G912\\7eUr?P5M\ZA\"{5Dȵb{D*6RD!gE!e-+(XvLSG}۷\"\ZFJ\nrQqx4Ȩx5%ܵtL<Jn\\vu}_]|$ԃfퟀVǃ#8Y0A]maP+F]w_a	\\%(C\Z.]xd:IƯK%}^] \'\'EZ\ru|-Lo8Fރ2sr\r:ג\\`a:B {<=7Qp{|VPs\"8\\ttt]xsс r*.q_ğ\r|x}¨2&0Z%٘rhG@TWH|~ElmxdݟV\']	!wMo#2/gT+)9!Nz0iΝLfH^ʙ:]QHUn;BeE\"TFc	.ru|EKN1#&A>l~t1I*ȂT3}~=«i9fA@h1%_>#S\\ǺNqyR4VڋuШƨ](zOf-hEpG۷oNfZ>gkY<>#:62|gn.}GUpz(֭1p7+t9Ig0\rEEYMSDb\nG*L$sq?%2oRܔp.\Z!ϤG$ye&,BHML5=DY4\nhCQI(>eeshţz0S(\'@y(pf2[.kkkc+TR5*mt̹L4T!,\\z(7n$Je>G&\r\'M|ƌ/c$0﹠}=Ǘ.KxA\"wa~n	-㬡IBzpt\Zd繅c-Ysѱ¡\0(fac`\rb^GGۅhn5`(N_Ndle]JpMW	w̨֭0õ_z<d28R)W|\Z+|YKU{i NhFb58Bfˊyҟ\ngr	OE~+$>B?LtՔ9\0Lp2jDU,shtGBTD^%)͚\0	B\"\"E.Lյ,t:D>RL\ndxkl73hoo\'uuu\rtuu]A\nf`Ό?y`<7QMj⦚b1\Z3D_M?˟N1RjH*mUa0RI\"	Cg\ZV*֢3|)39e.|`ÜJ\0\\0a#\\&_)R`68NW-3uAPH#dSlE3R\n0ORY)8B\ZꈵEVB?Jdل|+49Y<!/w7u@4%TޞAJIlYap˙*JQʧBO@\"\0D4-A$ł2͔YrV)ȺNJ<	gtz_WDD¤QnOw<\'ڃ6\n1=\n3m0h>g}zkvÜ*UbI=fn8~Vzb	c#xɆ\r}ch\"趔mfB\'w_4}f\"	k1ւos\r$NIN]vQ=cPu(<A-̤J8ŵ/]ǫ\"Ӌ/P\'/([	\"q\nSq1^?\\wfvE5>Cù Y>k1d(.AUnOdJ/?SPj(qk$S?M\Z\r:oJbNm˯~Koer	{4PSR&XueQ<a=up$\n&91\"%)\'siꋌO\\Ct4!m4t$AWţ?{L˭.	ZXƼ!L-^P\"z\\)9Z1~]m%e\',T;;8$\nk.0yWϡ\'6*C92A-eDOjD(*BN \"(PFħ\nGgJ)g0Y;ΠQX|F(=E	\r@Tϲ+PW68UwhjX^B\n:`/gL,G($?\"yѪtR&*]R53>(L}f$49ӯ\ZK%9ttlNa_O\"_=7QPXѵ\Z$h:ttopdbaݬJk!7Q1CiZ\ZY\rH$F&9HBeWu\\/\\f\rgL\nt\nl#5:2\\+nÁPT3OߵLܰBP$[9#\'Dhrftb_KF	-/VEM z>/w:\"Xp.+S\ZLRuK+BHź1+cTQ~jC͉{ | gGX{C6$̀>fͼ,\"4ޱRu1xb5K&C444`zgpRrE$0RsI8>S٢\0bt%DH@uX/|ɾwE=x)L]4?N7h׾cY}\r`8j>5CS.հ xO0	$Lim#0\\H܀S<׃$c}kiC/|ӄBkcitJ^A[RO^Rkz*G2T9]LcR_6׏QYb\\\"/`etDWbHo%JlPr5Khq[<=\rjhŅ(ŭ&^nuGYRzHK֯_FyTNL*Z /cWWM,\0}MF&x$&x\Z\Z:Kˇ]p9i3!c1<PjFH\0\0 \0IDAT	W뤝4	@vtw455%$SjԈJx5	y x[c)aYe:F,F1[F;O \'\rd%bAiۜIJQj<_XA,K$sȋ-Չ\")<%0kK5o@;F=4H${/8yT\n|O)MMٺuL&SK~O֘ͪ$^Mbt&Dp\nDPnC=cW5,?uDe1u\Z\Z$h(-{UŴ6=aFL\r5̱۱b/+0fؼe&T;Qw\0as7@\Z\"SNzP6rdI(>g=qLYGP5P>uz\"%	//Y4aF\\u\n7ʔ\"(cC\"L$>I	NZTm,6<JoAsH@۳\\}---l۶1&7s2	paC=c\0{Yǥi?v*z~IOc%&~wOC\ri.&XשQaU_7	sW-Q<sY=V=---w>YSg1OaAE׈\',S67E\n6N{a_٨ 	x\';JOz/q\"HgsI\'Db-\"bOHI}xAEc	N\Z\0ؕsn=Ĳ>M[SdGeEPNh)*;sB!Ė-[踵E˿ޱً93vI \"\n3Pa0$O\rjhhI|Xl.6gL;OȲ\n#]aE7JmޱcϘ2b2WoQ{vyf-(5^;xRjJkȌ@	;].\'%%#>UjSc#=i:cP,!\rCMZ<Xu\0	o*B[$;;}_~y_O[[6ll&9h?QC-^~oUwu1t/INa H9RR퀻|pwgg\'wsa^?t	=qe=-	S{ȾaTwMXACHO*Fw,WmFw./V.p6@\"!k#x.]	uΦʥMj\'eE?4ܿV,N0{H$F\rPFQ444I	) ¨.ba)t&2w瞺W<̴CV=k\'$D[Gx	꾐g(DycT%ۏJTµՠdHrz\'Q+T\"!\\\n9p	Qk/ee7+?#C%fb镠yNԁP\'yYTHwitO?&\n;N_cuU3\"PQ,10\nu룆&	\ZD`Fp:}t͌v^nMsFSSM>=po3ϛ@K\\WU<In\n1{	sdb5jJqD_mz\0%63zkCz\r@~n)l1hF9k̭(S\Z#*D>EN݄\'~#L-e_%F;E>ΉH)](>ώGb:;;ihhyduuB-_$h%nu4(yk4(QZڦhJM[lniiiޱcg)oVĞuOqR`{?ž^sؗ4.qB+N\r\'_z؛@h>k>B0]\"$0<DeQNq}c#K2vʶl]LU^F&])\0KVU+/uP\'sqL&V]_aɪwrCPݲ$ڥwNH	W8\r>ݝ$໕ZS,kQ??:rIƛ|eI0T>lnkkK577sr!AP(PKp;*z%l[`X%z2o؇BjZ]˺ؕxDnX1KH$w7|ok7>My۷+[h&Y`xГrLi	K77,HC6P;HmMT:@\\->yws͍lڴv`ILR*rE0Ru⢎\nkhk\'s\"[]f*xzMw%ɯvvvr<۱ӯsl/sCۧg]ıO\Z\"H&f_Eww7tp\'s~2\ZTs,{>ucKe\nhK]#|H)x*VP:9:/{M\r؎Cw=guG[\npab{@\"M/fSy%s؎6}=t8yKйwm1:m^ooo_Jܕ0v^޽)U7Sq糪Kipʹf͚nZ\r|xsúJA\"-1QW$NeFC_WL$eL8/yPJlkkc3iV2#v!/U\ZX͞W~o ɐL&DC\0Չ:־n*ugֳmϬn~.0Z:G0\0M<>}#N2A ŅUTV5֊\"*.moWm{MnmZʦ I 6	dqg朙3Iߏ1,g<y>O_>6WPY\'&3\"-xPkӚI6GZ{\"AM#@\0`Q1u2sm+l3k5$̱ﳿm_Kt k:c%@Q@{+Fow\ZjJ7UJ7׏)`kZmZ9`%prvҡn/7t|yOj&LGE`\0&{?ƐOzFq7aɒl,((^spSoTq2@@$69jP0ub\nL:p]ZZJf? -3ݠM}\Zck1W]#77T\0Fe/ILuj=dgg96.3hmmMQ.yOg\r|}g˱&\\rv0ݑܳc(6cugklܳc(ʁx>jH&lx$W#\0}T 7Ж\n6⪱Ɂ20űZhXcpB:/Ia3;QC2ZB_74MW,coDOg﫻>nb⴨WB03;TEnn.g\Zh2<PԔKȽLvl*$=\r$UT*m7[SZZzf{,S :V2 q֢dktw_)jnOH!ЭotL.?ih\'7727ZWjqqSS.&8Ϊ)**bMW8^ˌ3@SӻբUp4Uq4\0#2Uٹvc҇ƮGaDVNΗHE1Z{U,s.`c\'#Vǈ1яk4V!\Z?E]cF%RdSu,9V{Tf1še#>8nFnq9dTŸ]dN}m,-\\\08x\\aaaul6m1	5-uc>>Z~IZXI}SS/IHH\ZfNs[mL??FoOlM		6bf3_ٔ6	=}tRkkw	{%%%sssqٷ	s|ºbN-\"gXEۢUx_Ǡ]\"pKh@pA\'/J?jE LףSU3Q(iLoDž xv{P\run.S\\4)^:AtnG2\\4))))FYXX;;;zs۫$fsJk?ޯho(\\f+I$	g;~!EQЖ9*f{KRPPPvĤ^+}	_>cq\\%|t:=ͳx607ɸ^L3m-,ΨiŬ`Z\Z`e@=@~B,?\'0%dj#Q	\' 	U+і [xy<deet҃n#jFE[QS.\Z܆&4N۹\\[Zf0bNd7fCsA1y\\	+q\\xXAmQB53-.]ʪUw*BIt*P\0\\p8bNxML`ZUQi~\"n{MҜ<}t\rkJBNX{xZR܆\ryQn~ۛICp|AdŊn[xĄȸ9E[jqtB8\"K.AJҀyͥ3/ǻc_+!f}o<&.\nhK%2yQLg}?~hz``@L\"5ΦF2&\\bժU^A?,G-;\nt:m|RX6(pށ?%cp0p@ĆȊQn\0N3l܀Bp-hWSH(KeOƠE\\ENL4}@ \"P.]۷I[Pđ5wjA$$HP>z׌^A-{gUkhJp~AZFWLzA\ndZZx5Ig?\"\r.ҠXD2slV|I-7W!y&லz&\rWAA {	t;nVUMܯN\0z{:ͩL%%S\n11msރb6HӋ$	l65>[>yg1-ЪbL$.:)R154IگA\rk*4ϯO|ELh!81m	a_/:0&C DXz膃PUL`Őɐ1Di(C>1NA  32Kr\nnpdQ4^#3(Y`:$	gGTo-A͈L3BUN6^.8a{p,o[$Ƽ\"&se/*`spPD\n5apa\\DUAbUjNQ#Ib4@)Da/}+	\\.ޛ*\"QvnH$.ƥӇQ}t?R`;0FBZSTn%·l#nq}YL.5HH qN`UW]E푍&݀8\Z1FOGGG/U9^::{)$lu\Z h|>A^Zp:a#`|Pv(]olc$`@cdaw8@>pH$D#>4-17@sl=!a@kRJJJF\nKb$H5v]GĭHѫk&mu1?1JlkoՔegkg8SR<$4A&gLAU] JbGǔ&ů|hp۲+Y&:Bi1	X2<-nQ9B\n1$%D=LխF(%@@4\n\nMUq8EVIH q\"\'\'\'_x?a=\ZB}^UC1sȠ7JFg8.FMY]ts]\Z|PŚ7(bA	\"0\\/wd\0Wx5I	c=!Fd&G{BYC5q	9WŚ)/3ư$RBu$\\](\\h{bQw9`8ZnM,ZRH$A@KvCEC`4F	T3Nh6ddkXB7}I<xD\\ڿS^`FrbnE)63}w\0\"`O/\ZjJN媡\\1\rj:c)kL\rpX]  S:y3:2Wc\rQ11?U0ws7m#%I$AAG[iR4z@WB(BfLB\'s;ZĝQxث!8`eU?R¬)apK\0x6PhTu#=6JP(L6\Z>ZDN8ϏNH	k0GLJm#)ucG{\"&$!\nY)!IĹC\"\ns*-H`F6(A1pc 3y;5yX&5PXY o (yPob}l׎<Nrtoe60-|<J/ADqADvNzG&| DӘ\rJn)6(kv껊bD$ABAn8pUT.1y*(d7)7kVCdʸBD}>U {Ygz\0ʡlܔ~P,	&WW1?0}o*UTW\'*Yc[4\0&ޒS͜vZ%	:6Bl*nicpE^Ϋ$$si1m\0M~<F8yrs$l7SL@G0FTkb(\r`#)!ʐG#rޟQ?HG:T\np7eqYQs-O_$F7\Z51VE,\0\ZV-S;rΟljp&l1TW,\\.;BL|K8XLa63k{|t	I$9ӇD듪\"$vh\r)xt-BR>j.uCS׋<	8o_ \"`RJ\0an}&wX#zqNcFΤdoHDT\'h,,DX\r@kxsΦk[_jtmqA53qiJfɭ_ٻ8^VVf3zbMMƱG0cA1iEBs OH7v꛽ǁhmgx=TTu&̱	$GVuo8᪪_ߏS$sR&hyaÔ=Tir$H#{l\'GDqgCKTGP;ڶ\"TD|Q\r׼JA91AŢ$</##ad;o;1>IR[v6D\r\n([v6O_0>dJeDh3=|[		I$/oS	5dP+h\n;<--;ز[o`8ubJO7.;eqCE?\r&Vy	A%{jpE80ls(#gHҌh{)Ԡ(\nX\0\0 \0IDAT)}<SUFڧ@GEU/%ICPylhe\0r*a溈[o`)\Zsu*\n5&S4ƈV	T7{o14>$\\(vQ\Zad%I$A\'c0 	h	ZCF]EU0wN2QOa8MUh\rq8q$A1PO\\\'qWh@Uk`nʒ\\淢lg!5F hobDacV_X8YUOX6PƘ̪*^z{{mm2F:/S@%0㣸u^EoihOWyWyFSV=I1oosF>F;\';>$ZBB $G{^X]x˖M4~\0vњ@Ͽi|RzZ1וZ(\\;eUx:{+&H9Z#\"3BgtkYFhpnAЉN9I$s\"Tf4팊KUa4oyGNd\rC[^6Y_:/KGɭ1zlٔPk=Zq\"J=$h=Zm.ޤE)OLoNށ֦=dn$	g!NZ$3(ɬeGE$GjJ11q_5Zl?0YwSVtY%&Cb[b2|uj9XeZc޻\",\"^wNH݊IҸNcHt9gOFHBpd%+2,+ }N bu-\ry}d23& %{m3=ۀߋD\'[/WزξH)Fr/0҃i8]ș:1e$kLbX#j_(R0mh\Z=:yEt᠈,\Zxߜ	G]s\';eGhum7Z\'HؖNJ>$s0K0%	29Jׯ!>s0BAa>QӱTn~UʓSH\"\'VVUE&=u\'E\"{<}doI	ѬX<hKZіv픋1G(\\gmFm>1粑)$G/Z?Y)!IC.瑒a\Zlcٻ	dqg?:!dR\'рd&HF tA<?=g[UU&<Xbydw:5&lIOR;U=\\wGQ1u$\\E,tz1؎\'sPwn, e(\ZĊ1<-)1L\rh/b|w\ZW/\ZOGH4T$ 5l.qLdhKrN$A⬀+~uulvsgsUUiAxdzQN>`s$GK@>WQ֮]f,f۝hdDTAm\'aq˜iꯇD?}A[O#f(\n#bx|r;}Tbա:/ykVdQc&{)ajM,TCN|b<6	yjɒ%t{}DaL\"a6xX!ΨmsfkO}Oz=o}\\M!ߊ\r-AF$$IfI0*vQu4\nLKGZ8DO6>ϨDl*%\nFCb#)0Xe1oW%yhCN˩\r*Ln&FkA+ooId=wjcB#\Z*|=Q-Nڊ)\rKNmTxp,[v-7rxφ\05-h\01S8C(\\h=HfLn& I$	_hLfi4BUMWy\ZЖ\0\Z_tuv&Nz>Zy_Rl6ђON0)\\d@\rv!WGwjc((YޒHRtѽ~#W`oތ.&%{\r>GuHmakgUEhx+	-^Wup̥p<VZZJJt{!pcGc$\"hv\"Mƾ\0{?y~ΏΥST\'p>ڒ%$IB˭2HO&Qo_fKG[=P\'UiLÖj7).eʄ1i[U,){Ś$BfrGhU4n9\rْ#=FZG6u0-^MQ\r/i( z|Kl6sk׮y\'o?Lo?tx\'2&fM*hve0f%M>ǔXjy頩\\Ut\"ȯ\\n$Agy\'fohަAĸ^V$X-5pU׷qłDG\'tv4Tߟ&//?;-D! j&/\0Έ0\"qSy6\nǟy|\\;\"pV|ʂBB7qBb7Ī8}|{Y,kF.L=VRM%yzڣ\nV\\ɨD>\rB**]İ)r`7soFZ\\&r\Z;\nlv]/>Z	I$xU)<z3g/iORS1˗/fnDK(^ h[6.Aɵr;ޤ\0 $o\"U-!@Yh8t=tTL8N7!Џ;(A*Hp_ȸ NˏF%|\"c|k|\0E\ZM<~\0[dggvȁQÌ{~~>\ZVU^|\0vow#ZBnxy]B/<T`Ҍ3Ȝq+]bɴ\'K꣼ۀ~sӝ02ZSPP bP=唖RXX]wlXdG[̭bƮ?z(K2:k2ZttRr\';D|`*t\Z5)$Gu[kb)lycc?mKca	v}sQQQ~QQ;KK]]zY#&RM:<^ϞCmnkA+uJHFD5V}z+#m5(<w\r7p\\[Ф\'M|8W~fwp=,?f}y\'ϝ;בt:~?9./[38֔@JmoRSj?δݩwĲ-;\'AJTt-Q\"X\'\nьL1 (\n#yX`.#6	#Fϳo߾VCX\'6sudeeͭ]wڵk`B:6W!e,:AL~e3.KQFT:4_r{?g[oД+\"$G74wey:{7IĶ\'3@4Q\r+O>6\n\n&~_?8BAAZ\rT(X^ii%=a Y0TA$&sQ0UH2q:t:_<p8~XZZJ[_[tpD@RuDoM/BX (HQ8R=!$\0qNK\ZFFbݏk\0#ٶ.gQPP@qqqd4-0:.-Y$GPsD$1,Rbphk&=qeOɾ??д9v6U1ϠVqhz{hx/t:	%8MP&OgCn1yjh+տX$\'ˁj߬%999IDnliw~DBR:K[LHJ碜پ};GĤkew:]v-[}m;?\"6%3ڣ l0ܕ~]M8(8DN&2:Z{\"qH1qH\'m=p\'&<\\?\\\\]!Q\rM>7dcs\rSniEFPē$GF\n.WD|(???n(1\nk2mǪ|un?0hAi&p8l6m5{,V$\"- HjȜM~\rܵf}_nt[\"&6	[Sݎnk̪<Znv1II6ðnZ[3:h7}Gy׎5m(gp:/eggt:2fN:\Z0P[0ѩ%o,?(tjk}iZ=D^S9GPm%@BNz!_\r!aH(	W\Ziy\n#xhrssN$Fa@;袢;noǞOHO7!R\"jH1QfX͆n\'X\'R@NNNR虁hչyYT-;\\f$Hf9)HI4;E{an$!\\Mv̄g˸tn!%,HVF42Vd0.Q	v\'\no+ثVFP?dç9zn_5nmo`Uj8;>?]T	HR5q{(uGX|\'xYJ9Q\rC3.D]ɑQhD+=,\"R\rڜQS\Z)w\"0L\rq:lf¯QS>1Vn>\"ʚ:+xɿn}_DHZ07AAB$x$vII	\0LP@wxᇱl_EK,rH\Zv3^FII	IcԸ\\=S_VM@BpGώ_#>Wpk<K`_n%RxfXH0mOWp2+1f?vGN}4ĩj<*mdr%n{\"8x<=EQiUB	@p-3.bt:\nN\rFs-zᇩ?u{6b_s .o\0d~jN\'{cp\\\\v=Z霜Ю5Emǹ\'Zchdk17B$A⬁nD[wNgPH뉋Uo*&`8N篳fGHJ|02ϻʔTA_W=[_e/檫A±\",F\"^RPPU\'\nsƙsI^sWmE$cāʁ=ߝQ\rܳ{(\nDuuE໎.nQ8=loIORy@:g3A\'7`k7\\˖>$77˵mAԸ-(Z0Uڻ^g2as\n9_+*:	S\'::c.dݺudgg撛0bl6۲kRTH\nC%\"j⼶U#|ގIC@J)ЇnXQQ3s|;6>	R~>vƍwx\\5hjkk7n2.Φڵ˯	]M<Mhk4dܐ,{MvYzx_.Bz;.u[nn2	uZGK@h0U=[xX4ͤDP\"pyZ\"XW8:{c8ӝCx\"zŎbTn( ?>h9݉\\682*n_$ki6E<;X9\\D`mw7\'B@g}Y׿1ydmm5157K<K!.:-}+Vrv\\\nQ#bnۿ~zߞ6w4-59i>DlgY$Ha|TRR=H7#M44㒥q|)--BUUZZZlEEEv}3Ru\'a/$q:*/(P]1v\\.]ʊ+@as=P(.((Mg#\"\n\\/a@K6|mz׍t3)*8l,3S@Q+%^sc|\n2p{-OD#PC)+v7Hqq1ٺXE_x<ƀtR,Xի@ec`K())!sƭ\\qOǠ\'N^k׮۷;LWg /B&MҹR[$2 qZ999O^M~zxxk5{܅-8oiRWWww_8۲;xf_U\\6\'`TW(Bddīʆ\r\\]boD[>N O0Y69\r];5ѥpG>Si2,I	*4	ǿ!?Í#Gj\'v0oDZ!;/6b5X^+Odt\\ݡ;L7\"<	l&xぇX|5SPPP+<rAN߁7mԱo߾#~EgDPq\r\0RMo%KXhWfLǫPD1V\\y+BZt{7GMraצ6$&6~3/1c33l6ۼZR\'ALaڵkD nt\Zd#4up{s9G<|777[II˗/\'!)z}?aQLͣ3f2:k{>\r\0v\\.W-D8]i 7(GqqSn;\'\nI!YGFA=rH3y9N$Q}t7٩S\"\'\n)-j\rHeXhWk-P`{ۢB;9,9\\gXZ1؃]¨u>y^bqPɘ0MYYY/,+++\'Jfư?&a$vYCX.ca/((a$H!..8rrrW~&>-qi>QSOv:qzo@7wNK:}6UG>2\'+d뙘}iHLSPP\0.Z&:غo߾W+U6sTh%#+/C囍Ы$71>s@|>.R`{<͖\"cDTᵊڧfKW&2$Ͽ\ZCCN<un066,yӦSPPU,/ywA\rr3kW0*b&č%ڽRePLI>\\bіƜ_~yBϒUD_a\\.?</	($I89	g\nϥPVV@G[\r==&`1B85V\\f[\\%6&^5>0\0\0 \0IDATr]cc!FL&}MxIQCXbĤvЎ$Y!<V=K~0PڌQt:5%܂񰓢}f `1%ٓ9R(K?\nb!\"-Qꇞ;Synޙ-Yu81YW\"ɬ>>uL3(~&d|&܉{K/SuIĦ<3*c&.W;>nAV_xL˻.??y֖@YTxpHEn/=dee59b\\VJy}9$$b%KLYr%i?H )`61̹%·/-1ǣ%\0l,Ywߍno7yٻ֒A[~-al v\';ZT/֮]=! 4d7Y-q1X=5.g_}0\Z,feुpc祪>\'3$2PVVV%\"E-Q\nZ/b:W\\}]͜/8Ny݂l)GJ> \"_\"[\r҄sRR3H-iEіX*ђ#e~$	g=b	Ldɒ233Yd	]y&S<S6͜c.q?	#JVVnaܽ\0(,dr2[koj⇌ehhu}|1z(Q_ZZoa\Z)|[3C~Cv]g*\0OnakI-m#GXb#UMNm\'Mŋ2B$irOq>ｉ n?\\^^Ρ-1og>+(vRܜjQQ;09l+uĤ/7Yy\Zq^t).rSq-h9$\ZR#A@$HiROM6E\Z5jr^^Q1t4\"ɍntE:Esy)CM$..t:bB+<&*>>~-w-ǂ=vIXO6x\']Xzʚ5k.xv$&\0>XzF\'Ik!|ܡ]Ev}X*-&mepwj5\nj}70o޼`rq>I`$pQh2+**<D.]Jmmf-8@@S8q|ɓ\'O$%CZ*SNqlqč%..EiӦJkurm6$HU[w{͛lOcg5ݸdҦ?;(++kDk|)Ŝ:޷o5.˖-rFK-a#zSq\rtѥ^}գv{ڒo`ZeadG-CzI8y@\nEWa]K<\"	y{u1z+d,+fңGf\\Y5k.KZH8u=|➸R9zݺu֬YæM]cC\'B=3>f+pe󣗴Q$W/?a͔z?,\ZٳWHMC&BsS_(\nrEH\'&^kϱh~X`\\ /D(BF\0󀻊.gîϡPo-\' ?y?ZV$(a$\nN$u$DG*p0QajUvANNsW(!%\"1prss)++;\"pə\rQ	I8\'.:\r|ŏ|JDDƎ*ƥ`Xӹv &z,<v17wG*{Nd3D7dE{ﭷqyxCq6砈j+i\"`=mw<JJJX`NB`Y	©\'FnaNrχcP\\.-//T	IΜIϠ e+,Z1+	(HJ*!!I,.5n[Cm!4=W/c+=q.\\\Z9VMo|b+>LD3N5=.++3Κ0w8?`OBτ\\IDb0ɛogōysw4z(bwr5S4}tP+\"	u.Vc:\'\'璙3j7S_1FSD.,;`߾}-/=)ĹKH %ГZ\n\n\"+**_|9gѽƺtwyKt\n3=e܎Ep$@F@WS\'y<508\rh=(~T\\\\STTDO%\'+\Zu/=8mbV	=5t%\rߋe#AfR\ZaLI}l-/ Ȝw\\.RFϬ)..&??O6j\n7:{e*4xA_)$EA7Z¿dee;=d6V2{@YYnZSZMEUxgaN\ZQXV\\\\\\͐(*X#UJQJvj|D~WQ@U^Gy>cVVV[?ϯt2~)s+L=u_DVVeeeh0\ZJ q!%h5\0W^96d?E؈&z_xagcR̙Tḡlj0/2-!B@d0}$m?A0(\n_\nA]koh\n/{{O3+o%YYY\\. !.q\"r2K  HH !#`\"UXjK.=\nlGxyǄvXLg5HA3:׮]n3=u=4ѰI,HGGPr#YtNtţUTnB Sl6Sx\"++S[ZBbFK\"!!/L\\XT֎mmmZf\r=5ţ-Y@r\r>MZzsͷC	ccBaaWNٟaJlT>YWQܰaC|=NfZ1̱m^c͚53Xz5;H\'x@^`$$d$AK9.`ƾ\r$-%ĠawޘsCNIh[Ǌ5!8QB`T֓qQ	]$Ћ@WQla0GH&(q^AТ`FV12 !17)&\"b-${Lx톉\\XE@#GWgܽsPC\"\'aP؆Ὑ/dc\"I#z^*rznA^$=ʪD-\r:$HHHe=ɶ^L5(B9:Y^3{xݺuCv%NZJ*_\rp?v nI*Z\'>;hsN$9$AB}WG.&&KzH6XtC߹iθe3F0g<y۝`eѨXͩY\"CBHH !qj=j!z~_\'\nu\rq=Dx%e7o^t$]E@KtE),!I)`}|y_ۜNx]l~kxT`!P舋E5_3(B[s6C1	z/X8K $$mdOqBC d!4О},6\rMcŊ*rG2;%~$HHHn,:8q\rM̟=G]3\'B\Z½ǆG~uL3(dHA&IHH !!q:XIqcii)6ͬ8h`\\pp>\'1tX̲Q$lY$ABB\rG,֮]ЈO\'G|OFPd!C\"X`PY,ٯ(!L\\8OunwĚ5kf2[u@\n|vԤcoڴIIUuJAE		I$$$:{	3^|eQ1lܽ˂XT:/dOR_ϼy2ˍh{(%A$ABB_Ot-^}գv{o7hAƙ32˳frU *$HHHDV]Ф8/vfM[@_5AVfwv*Tu/ĩ!!I)+cݺui֭1kD^jqK\Z:8\Zmw[n	B\rf\ZAdC@C/͒87&4_UTTĻb6\031</\\PPЈVXA@fy$UQ(\0ɰ(S#P.P\"WT.PF\0Tp	(R\ZƓ,$AK9AKD!Pg)**̟UKzt!6|Ӧe+I&\r VjXs0&6mJ\Z54EU/PPW\"q\0gq#\r{2֒$HS,*TrPgv82bJl,sMEthA(\' cVkPyסմ϶+Ǉ$	c0MESǎ}:1Aė#X	qCii)z鷿eێO>\rߺAWQlEZ0(62E9f\\k>⊿?N:1d4\"B^9Ej2Pefbdό\Z-2\0eЂ\\Pt:w?|3.Ԗ\ZGPD!0]h.4j\Z 1$$?#dǍcBBV7eX1ȈޏܵS[)$tuF/Immmիg[E~\r6*:A؃À2r~	JWRӾ󈻯ч&DDHx!\"-$ %8~|r@\\z\\ۀˋ\n$OF_܈(nJKKyov5(2ЖI{0*r~IhnVրV&;\\AIUD8$zI$	MJr@J\Z/^F$\'\\IzѴn%K(..rQ&D T	0XE9fONacU^㖶) IĩOaev\ncЎ\ZFzf	My»ђPo 	(re9fϹ(a<.\"	}y aSBI$ϧPfvD01\'VH<@-YL6Ak>#44h:\rx][]hK[:!Msq֏WI2xԞ׆q{u!&ocĽ\\\"d~\\<\0hAV*4\n Ͼq=Ǟ<NH&eɱ^o^]\r8^Y+_\0`\"*/Yy@^|bcflJg16JQ|@]ﭮ?(\'(<:dW>	9f%u^ox^zmyI&o]YA.7}?>>A@[3;ŏQLzT*cV_1~J qz#`d;$uɶ\n-iM|/G+!!ǬĿ8JH q~`zq^+kml72KBY			Iy#</ԣU1 &v1,^BY			IIG@GLً}%䘕$K2btu]TW$|y&]]TDUNrJHHH \'ް$|\'^		9f%$$N),%ζHr^@x|g{R@<qǀz^sk̞vs~ʳy|}v^9#,Vϕd	m%M\rv\09bkuV穜๟TڸzŉѹS=Ɍ;fO<qxY|gjN<Sڭ~?($t!}-UI 2TԈ0%]E?tcʥ|h5GJHF1[APAD(i*ĩ>գBMN_ϻƎ\n,_?7X٘+/*$EUQ}*->oggo=MaO-9}6?&̵Qg2+*,RPnvڮ*jOH+=|mx]:=Ts@Y9E[d+U~;b0ew|&E7(\".,)2^jVUORtumy]1`@pr2`0ۿݥ.}wG36I+ɊƶlrD;q;qL`8`cca,jܱ~LNMkwvW35=]ݯ{W/4t\Zdv`m\'\0\0}K\\Dz\0p\0z ? 13\ZS/|)&d-ZjE7vD\"b@(12`L\'0ڟ`+ٌ2y^ r)BX;{64tZåT.z\r7t_\0]\0f@\0t$b:a\'ewGoM8-_ٔuNwu^mB\".k1~?,R\0ȟxaĢZM<Zf\\4!Ewj2wboZRHd7^m7ywiYboG_35r`h9%߷xwJ2O*Zvnm E\\\Z1)4Pw\nX@޸Ƈ!j\'tC-ѽw~w}f{7@6AɈszcbSa VWfkDa\'scPކބ1ꫝ%9\'1[a,BY\\AP0ոB<۟~M׸E\0 ׿Y噟b7A\0\0G.6_׼߇\\fxgO? Bb5ޅ_蹮ˍ<!蜫\\(D{\"pm2y6=	)[YROU+=-w\n_=ׇ7nVt)(-0}Q\"\ZyBѼ/B띏&`S&$X?YaV{n}\'\'@wӌEkKrͻ?:ػwOOv\\\\Fm~wXtw?Pu{QnYW:A?=7|,=4čɌ-	\0A)XYzF{$7Ӫ2kxG;%o+\02FzC#۩mjBc]l-|H*o+/\n_@˘X(;.?.MDK\0K~ v5Ro0/9_;\r\0vY=nu_V-qi]6w}k|_.OB|scvyKi]}#/R!Pn@U%C[X\0ܸsˡ&8\0);߸{\0\0 \0IDATo/]>Xj\0\0 7\0KI@oN`qPp+^Mx\0Bx\Z D%tQKU1bE#DY^(ډl|xP	{~4.9դSN\0VvܺM\r{m؎TuW7I-3Iζ2\0D_1>wcg~\0`Z\n\082I&igՓ\0Ҁ 84W6,(a6C]+vg>?§= F=~Nd㱌SCgIޡ1IN\0 cG\n\nb	\\Jﭛ$F\0QsG⃇hxʥp 5J^e;9i\Zh=C-r0Hy+{[h _C1%Xqm; }(9rRS y[op;vgݸ/H~Yn]]mAR>߽ݻLjJ	 vBEݏ~H>DB1k)9 9(o\0#I.,Ftcq\"1pu(8=.\'bZ!斕Yfqv\r7xa=7{?LzYCb$zSعHe^Zr$\"A!u:/&ݑЕ1:@QŨ~[Q&zפZF-\0hyL)i5tY\n.O]iZm|=t/\nLpshs!5\0&|Ro\rkq\ZJ xrVx\nrBߋE\r+ z-@܆!%GF|F!z#a-mjy,ybg\Z$e\nwkD$<h&GGGrj&\Z\0\nuEQR?G-N[o3F \0H\0\0[R#\rgqMy.%495\\޳Ip;=s_ďx1NR.}MXS;~_\'O?T)ZNP\"\0.(ꐒJMnI @RCBUYu˞OoөU#ݹpzWn*#7~>3>#.st?gd(-@Tpz;f<-о;΅S;5w\'}];#cr\"?f?E\rcjf49CIt !9\0\'#Ju	q\0ݓWcl(DȔU\'z>Bؚx0b=Xl]iYtft\'Y-08Y$]hvƿt:e\'4y:k(YOB6Dt0I55B8+hVWКJ\r=G/v`BLi@4\0`FXbOgF^\n.2?HNZ9\'abQQ\08\0\0D!\ZUsjȄVٰC)Cq;~{yBxEP;*3r;77Բ(\\inni\'|+\0`2.3/Ay\nBpWnM\0\'TMm<O}}3G \0ɉ[[\nt]im=UDہ8\0	Ks:ړ\rO1=FFi|s{D,<mALǱC\0|eF\n\0`Xdt[v;[_nwR*6|c]_Ep;1v\'}Z3OЭW8v\0ndnqR.3^\0UqFo\04RR:o~<d\0Xn;#J褚\ZSӹ	%c.bQ<\r<-+=-\"V6݄\0&%Yn4كi\'Pý.OI%slB͆Gd.qVW\n>,:@wys.`/\\ohŎ3QeQvD4I}86<WTF|X:>[s&Ok2ݦ~ώ<\\xeBk;kޱ|\"=7>=;9#JI\0T0\nL3c<M-ooYscH3>\Z?Ȏ[T3c%Vܐ\n.5tjgWlbҵ(z[.]\'7B3:gh\n}*EدG\"T\0>#s%@2`p7f*\n- U(L{OW7Y+QL<i\0h#nt\0\0lzA1p;wddwN호ʿq=bO6-z8~0e8qz̨Oݮjp|B4]\\&WYt\"oj^\Z#{r059B]sf2kMNba;A\0j*cQ5~*=:#ֺn\\zgnJ6鱝A|le\Z\0\\Ȭ>LMN588]S2exCj\")<MF_~SJ=`u׌$Wc|zэ0@U0bnj|ؠQz~\0Bl\0\0K?\r{ݩg$\'3F)::eάNwv}N@\n=vgUo\nA0A\'Sx$yl\'vnRw۲)]}We`wÊ=Y	{>iZy!XBpg@E7綤G{677M8f$\0wTNUd	Vs+.4r*$e(\r]RJG߆@b%E*=Y,z+yȩ 4ćNDPe7|cj=mUS(tsى#J@\r7\0xwZ}O\rG\0`	3z)%MkԀM(\'ϼg2KS`\'f\\FմΡXk\\j\\37u\"0&PcܽXN\0<f\\_y+!سj7olZ{v~|uZ0X)-( o<й)pq(9`\0򞂮{>	EgۓsN2k>HqH^\\nƕгQovic̅=܈9:ai 1bC;\rݷY`\'ݡ7SU;\0*{T2?\n)،S%Mp0sB.zXNFd]pbw{ӂTn\Z\rE3\0!?|y{\Z@QR%ْ>˯=ˉqN{P\n_7(r|\n*=\0LJ7W<.pa\rK_p 4`8ɓ%.vƛkO\rmpm\0]׽TBF1C{)?~\0w$Tovvv	ʃ7b&\0++ǒ\'-kgn?ʃvN0?1{`G;zǝn\0$vxԃU7=k	5tz^r`p\\vDb	y2f|S\Z\n&\0J=^(	^sA67YcxL.?Cu.\0=86u}^AJW3pC:Yεܹ*$\0<~,z&		UQnm.F[#=kͬ2nXHQ7G)c\n-00*!/@8^ꜫͽB]{NS\nU\0ВwOl;Fv!oi]uFBv=9fعQLGE<$zMhac{K+4k|˦;pF\0PPr|{Isl]a]m8^H<[ (P\ns3HWf\r.i\'xϛ\0ىW5-Ap/6@\rR;PA!6,@(P*E%~W_Vu5wуTHg;mkRE[[d&Ymd2ck#ƲXC\0\rm\0pɮ\Z0ʺH0O\nC}Zs_3-^lxTG^_MŸ|Нب.l#j.WϪ;C\n3.<x3T@E\0Cb>ǹG(w4WJDAW@ V\ZGr:yC9` Ke	wfkvݤv[]9LPKȇֵbS-ŌWO>ޱcU]7{׼dK%@=7:JJF=(	B;ꂕ(gPE\r諸ڋ*zö2\\fZ\r ܺV_k$HB\0\nL4m]|jsƍV4vTX\'ݤWFVS7l\0P@L/Bv31(֥8T߅ͽ(\\a4Fiv&>k5ܱ>Wƒ>ݹaj?!<I-e2.ĴՌn3\ra5Zs\\d	<7tfbT\08L?LA\08ƦWc*匮q9*;Sܧؖx2ujgR+X*oJ(fyA1G\0\ZQҩVG\nvs*ikiL$$|_5SeGPԴ]2k6	2lE\0yCj5,֠1y&OJ<XOO+g\n.2W\0\0R2dd6T\0[S;1rE/ά25H41nY*K25;\0dF~.Ve d*7y\0H4yƂXX\'%\\޿G**mD˧q\\ԐLA5g95>P}^	5L=34\r\Z&);I:u\0F$j?Z8Oڌp;$F>ޒ<\0ϭޭU6vnjle@\0\0wa)}If]>ٳQo{*5,cT}>C\0@JlY(?W8;8֔=`\\H%p&[sǗ d+<`q%\rWAm\"SV,v74q\nn]\r`?3wlY?\\s\'FmTʳ>z8ZEϥեtU\0\0(2nilvgH#%BC	jy\rI:>DGqyڑdv<\0zX\ZJLju3y\n=/pA\0ol?drPWf|So\Z\0:0mJgړɑS}5ϫRo9Y5a;i]9tf4vh|\\΂LVt\0@)ݘq׆;?~4z|q	UP;\\c4TLe\r.K\rg\"K2|zsœ`m2F:\"9е683cL\ZO[-iJΛcFşinMVX9\n^%afy\n3OC1^dz=X[wFƫ,3Qڌi[>-3VՅ=@\rԓွ\0|ۖ\\A6_NF#=MVj~?o{r3c$g`);QdF=6-i0oLA57?Y\r,xP\\䂜J ?eT\\wm{\'z_KLJ1,#sS@`L S)yU<ֲpsZ<.dtJM帅1M0/faEkO>])\n \\7ƙ]+n>f<I!#\0d{.n}!(eA~඼zj\n)`	v=]ZA5#XJ^r	f+\n5121PxmARn=Br(Uh\n5/uC6o-E}@JX7/4E缎uppժs칌/a-w)Mf_Ip^\'	f>(-Ua_l\\bu5$rK\Z\\M#a21|H;=)>M\'!еJ8,	pS2@aQ,\0s;v9m_h0\0@c%Hv|9ݚ2eN#%M/mXn|#WjR (*7뀄y3fCcPU߰z&̓P70_\0Ay	EP^Z<_ێs>\0l胖 K.(HҾ-ͯ\\JsaE|{\ZpY/vBL\"\0T[#\n9E=j	Ȫm[g\0\'*\r%/}]ڵ_VK=P:t<|֕p`1ρ9RBȤ9a\'&wO\"DP|]ef<VHQ\0șZx^}PbwUls?>nJmQe|^VddAot .?\Z\0(Ɉ27w˶}kH-&=.6e7\\ bFX1| aL`qY]3QU=cu\0I&c\0S#3\ZgMVϋ7!TElpg:t~튇rѤFCg@N|Zxh>=?%ĘH\Z3=)طJuT\\_$\\lHa1%[\r;E(6=ShB)$0	;208C+Bz/u[nl\"˿\Z_@PpC)B\0@Bǌ.x.3^PObUeb}Xy:)@/~ԇ7.[ZV%S%m.6o,O*;tw$g{i\0cH8]Îq2sj9tH	P7a\\zDPY#GV&ܭ\\O{th\Z,;\\hSϤGx	ME,bW5	Ͷ0.>!&)mcⅭ6n4&kjsa\09C,!|s؄FjP¸]zرD(UCڣC6S	1P0X;bx.7ׁx4~ƟC_\r	̍Mc`_m\0\0*\0l.6WA>W0uH\nAfm2ײG}B/5x_rGe:d^\rJ\0x@\0b#YYߎ5ѡY&O)x=e( @<9/Mn߯LlюaE״=\n_tGz\Zʼ.2#2fuA<H@˲ًĀcLexVLk<gX;2@Vx߯UZ:7\0\rojZ}A_TO{dO/G@Hk?)\'SPެMs4\'ؐnpXM~t>Jڝ74I%o^((z(uըp@E&!˅ĊS(+\ZCV\r[6T\ZNϮЫ\0\0M%Mxz$45~J8	\\iU!	jetY9Q*@!\0=\n1(@;צueOc\0\0IDATOr<mA7N\'&8 \"#M7,;IzU(u9.p#4pMβ#;T&z:*fx~< 9{JCސ3\'CT\0I{tnZu0s TZ{ޜ>larPMQI(?\0bZ~}== N	CHptJmkuQpj/d۳j?;bjW7Jn>\nl6P\\f=NF\nOfʆůfecPhXt)>LNA՞\'e&T%$g\r0۷9{_f͙M(/lPF,xZ\Z\'%/+<4T$\\\\D3yE}PKm}$){!;*1vY(OrބIٮ\\x\ZJ.ۂZu95\0@ٓ|Xd	cВ+Wy[o(732ii(ox.B\n޿@׍I59RT=wM\ZEʎ9_qjPSºeTkX5v\0 XjYn?WVu<	Y/Qd]liz(DoS|\00lYK}+ڠdyЧ;7 WR!T(Emy89x0)X=ĵ~AIgu=\r:tvi5\0ƀQ%%kBfWcN3rVR=D\0v{l0ybRPl;\0N\'-YM\rߦ9np\0\09^H|g$ӫ\Z;nڽ\Z>c0GF7\r\\N?nuE\\7*ߞ\n띑xּ\0\0yDXC\n|Gޯ=DY\'!ؾ!+*dʻo-H eV,SLcVHP@\0ّxK\rU8cF!Zz.NٛՕ\'f`ߵkTx\0d2f߲p\Z*ʃ(i̋n_@r2qt\Z<5n[\0oOk5EE1~89J=GJi	8=:dAwn!fуTV$E_ijk9,btBE\n3J\0b=s&3/,\\P!2yHꎟr@Qv\'?cjWՕ+(❩宻*_lk\"\0d7WW7]rkR/>W7#żhV(N\r.	U9d*@~Z\Z,D\'#Z<i|tC+݋^V-Q%d6\n8 zqx6[KTw}0{\0jnHb?b||*o@s(5S	\04zoXtu{_ߴ5Pʽ-kTX@P<Z}O߭WB+;+]g,d*L}C.b0\n^#}֛D,S/CetP#k6ͤC>=al%=2A甏ENE\nw`\\9`>2SDfNOʏʓ@]|ܡum]D=f˼iY\r |W{$$>a$<\rt gG\0\rj=)\'\'5*4j+lQ!^(Q=g*~}yb7>}UMg A}\Zo;SeT{p5\0z{M7H7\0Bn\0Y>MΝԹ[EΦ3\0ߏxQ޷xGDO:{g	2BػzBNrf⻑}N`\Z\0L\nbq#{{Lfcu\np=X8эJ{o6tQ9523\0ԛ`~ד0o_oX]KROM*\'ԳQUF{x@ṳeDz4<P^\rR͗UcЍO@)pvV.3t* 6ι<LJ^s\0PuS;ΎnkgY]lu4eKVWIhQ?NkoruH\nU`Ƹ|//>\0?R1,\"IՀ@jV(wOxjbO\r]-on^+,:xDqTl5?1M(ѯMتJҟ&\'!Iy3s\0+7MoWSSSPf>qvs%=\0kzMWttX˳#wf`wL\"ꁊ_ڱC%H	7NuZ\'W|ApgE	w%M~Hb__,އ1k|^\\\0\0{R=pJYS.&_eA@Ui_%NQi X,gD_mpvQQ\"[\0\0`E_mh89C;n;e9!\'\05R7 B?X-a:KtO5%,	YC۾7ޛ9a}KE}	\"K%`lq0JꅈJa\01`L#̩u74z]nD́7I]VcX\0&hwv$&!Sa\045\n;:M_~&=˻~?~sQ	|]4\0v	w\nHZWb:11&TFM> CPc\0?F4~hD5yKLo()ȍIDSZj%6 vD6QyCw8tG(PȂujJoa@to6_O	IS`r\0A55-֩Uem=W]GֺtX\rv\0w\"\0n\0ԍ,ZX}\0 8\\rql\07Z_\'T3&s)]y&{r<1&on\rH\r^YZT?\0\0ؓoAH	*\'ش(\rm\r\"W\'F!t6~GIM619Lt$d&~\"\0p_}C]XV醞{!;yϏc}v	bզl#T<2F4B`d\r}Sᓟ~oZ!<f_H?E|~8\\Ȧ_޲\rAJ\r·TA<\Z:h	(b:\nŪC~a	g$׷9M(!;GXιXT\0G2v\Z!Ԗ܎űK߿rEPό?C@+}֯{b<0R:e	z\rb*RD\0ݯl\\[!M#|zOA1Aވ0\0s62d}O\\m?&GN=82DwcPl2s\0SАn}sA\0aX ]`宵6vl_]&q\'3R\032:BQ*77M [ $\'iP\"8eM\"!\\<&uwHf0bl#?OLf4)(8I[\nN:\rn\" bp]v.t.Y:1[8H=5SO:_\Z\n؆ƓZM$@P\0-@\0\09(\"Ӯ\\%@z,q3Cٴ-+=W,\Z cJfόYƀRQjp\'x;Wi\0o_|=%[ãP*ܒR\\=ڮtb|uX>fPqUd&0r\nܟ%\Z!LSp9B=`Q*˪\0\0\0#7S\0ߦOJʻoo^rw@pg\n3O?Eޒ\0\0dz+H?9AV`2	:\'u79 @NâC%@ $Kˮ11X99Byt(P45»rv§:7\\a\'\'!arӕI9u}H\"}!ʶʺa\n(膑ʜƠ\0\nj|On߲ӼYixCr&NxLkPjAyUQy@^rP%ty)Xn{J-Hj>s2K =\Z9mh<({<~4+JP:FFʽ^$k7PЉ.W\'͍W_z%Xɾd49bn诓e\rUbEę\na8^XoY9zlu(TR{H\rܟԆP?`mڏ4-gg븁xE۠Asa߳\Z|\n)F\nJ%@WmT>hjix\rc4CqHs㫅y(s\'Ͱ(ds؇.\\uwHa-DHÐ\rCj6cj:r0?.\'!d9QQ[>MP*XTvCRQpCif*(O:CW{].D@!\ZDj2˱q-3>Xʆ		0P>|dxUYjH$,v Bd9}|\0e!9mv]إaM#vy<:7]E\Z<=R\"y=!v{-\0\rB=XBCJjlwvrlLPyO8e6Lui`Ar.塚\rcZciōލK]6?n,I\Z褠kjTsr*u >PFca\0bu:%adCSD52i]!yCsDUz&g(œiDnKmݡvlA=$4BYCILjٱcDh\"7\'JAaMB\ZI(0f<g92瑲T>sݹo},Wajc0e#o{`(NC#oy3w!SW\02y%ώώ7A)/B^UaYzŊjyOf(hP*By>t/AZ!9S\'c-rs>\\FG6eg!GT#Ė@{sM{[1\'lMC9#	J}0x&B|4\nw	QM6\"\'f̲Z6o\'ߗOҺJ~:M|sCV*F\0駍l}Y\0ZP3/dǧ_Ȏv	0}` :ُ0fC!ul!lǗ8a(OA~s\\0u\Zvau#71R\n$#o\0<^iaSh</>@B6@~Xz]L	sRwl>Ҧvϧs;\Zb{fs6\nնS|-^DL4JQ<LAr0}\0NOQ4WGTnSm|J:w\ZN9caN6*q10MAyGfYN+mj,qG\n7b@@P	^*aōN.KE*?\'\rqGqn>l3,؂+.81$39Eŷ)eȦqpc:19UT:ܳڳܢ`p\\|GHo2+0w]tv$|\"{|2`|>K\0j\0\nfLs &/&~8Rv/\"ŠT~Ge;L6To vmx~+83@e^Tdެi(5qf9d\ZNy\'	T$|᏾tMʇDG8ϩ\\4~6\nq^{.-E`hk &rټ{TxI9Υ1\0yCy]߼A:X%aA/\r2\0s|_]1\\|8x^GOfPN/Dl5h]V\r1cv:,s%}G\nܑf,Vω\0	PJӪ\n:7ZX]&ΕV`^Qb4GY /H6YFM,17>[+aC΅s`{$B1Ιcy^ىiW_PsA*()ِ6\\߷UA榗8^Tk?ˏ]\'s@x7As*rG<gZHA;H(E8*\nB^u7\"o6q.L\"CeR*wF|,@Y	@(13s|o#U9\n`V:e\rӂd1!FlLq&$s\0$*c,$f{Z~LƓ톘2秳څwsI*9X(}>S`v>=2hזY8_*2;)00-\nX73|\0fI\"KPَ\ZoAdJ<-н1sY *^T5LY~Zxޗ@\rVʏ3Y<繦gR69(J1!-t[P\rT;6!U<-V=|wAH<|Bk[i ?ڳG.h6l-rxA#}5^!yÙˋW^ǅ\"\rƎ8C9CHp!r!C9C9 !r!r@C9C9r!r	9C9r!:{84r)9C|eͿ+`.r@C9C]P7\0tcg]Ea`4 !LNoNC9Ct_\0yOB#[@0k=LL!ǓC9й \0\0 }\0	n9S0׆C9 !rȡHn\0\0K\0 \r\0q\0BbkPus!r\0\06\0X\0\0\0~\0~R\02\0d) Hf8\0L8\0Le(8xr!@\0G1A.	$\0.\0x0`\0C9t;P?E@8KgL=pWgC9t-\"]}@AG,A@GWC)91	9C羝\Zt3X0xQbLp@CHp!:?z(82ChS\'!$8C\Z\0r!],8Pr\rJ@\0\0\0\0IENDB`');
/*!40000 ALTER TABLE `company` ENABLE KEYS */;
UNLOCK TABLES;

--
-- Table structure for table `customers`
--

DROP TABLE IF EXISTS `customers`;
/*!40101 SET @saved_cs_client     = @@character_set_client */;
/*!40101 SET character_set_client = utf8 */;
CREATE TABLE `customers` (
  `id` int(11) unsigned NOT NULL AUTO_INCREMENT,
  `first_name` varchar(45) DEFAULT NULL,
  `last_name` varchar(45) DEFAULT NULL,
  `address` longtext,
  `city` varchar(45) DEFAULT NULL,
  `province` varchar(45) DEFAULT 'Quebec',
  `postal_code` varchar(7) DEFAULT NULL,
  `email` varchar(45) DEFAULT NULL,
  `telephone` varchar(25) DEFAULT NULL,
  `telephone_bur` varchar(25) DEFAULT NULL,
  `telephone_fax` varchar(25) DEFAULT NULL,
  `language` int(11) DEFAULT '0',
  PRIMARY KEY (`id`),
  UNIQUE KEY `CustomerId_UNIQUE` (`id`)
) ENGINE=InnoDB AUTO_INCREMENT=2 DEFAULT CHARSET=utf8;
/*!40101 SET character_set_client = @saved_cs_client */;

--
-- Dumping data for table `customers`
--

LOCK TABLES `customers` WRITE;
/*!40000 ALTER TABLE `customers` DISABLE KEYS */;
INSERT INTO `customers` VALUES (1,'Alain','Dessureaux','4666 mignault','Montreal','Quebec','H1M-1Y7','alain.dessureaux@gmail.com','514 885-0570','','',0);
/*!40000 ALTER TABLE `customers` ENABLE KEYS */;
UNLOCK TABLES;

--
-- Table structure for table `holidays`
--

DROP TABLE IF EXISTS `holidays`;
/*!40101 SET @saved_cs_client     = @@character_set_client */;
/*!40101 SET character_set_client = utf8 */;
CREATE TABLE `holidays` (
  `id` int(11) NOT NULL AUTO_INCREMENT,
  `date` date DEFAULT NULL,
  `reason` varchar(45) DEFAULT NULL,
  PRIMARY KEY (`id`),
  UNIQUE KEY `id_UNIQUE` (`id`)
) ENGINE=InnoDB AUTO_INCREMENT=5 DEFAULT CHARSET=utf8;
/*!40101 SET character_set_client = @saved_cs_client */;

--
-- Dumping data for table `holidays`
--

LOCK TABLES `holidays` WRITE;
/*!40000 ALTER TABLE `holidays` DISABLE KEYS */;
INSERT INTO `holidays` VALUES (2,'2015-03-12','aaagttee'),(3,'2015-03-21','www'),(4,'2015-03-19','www');
/*!40000 ALTER TABLE `holidays` ENABLE KEYS */;
UNLOCK TABLES;

--
-- Table structure for table `my_aspnet_applications`
--

DROP TABLE IF EXISTS `my_aspnet_applications`;
/*!40101 SET @saved_cs_client     = @@character_set_client */;
/*!40101 SET character_set_client = utf8 */;
CREATE TABLE `my_aspnet_applications` (
  `id` int(11) NOT NULL AUTO_INCREMENT,
  `name` varchar(256) DEFAULT NULL,
  `description` varchar(256) DEFAULT NULL,
  PRIMARY KEY (`id`)
) ENGINE=InnoDB AUTO_INCREMENT=2 DEFAULT CHARSET=utf8;
/*!40101 SET character_set_client = @saved_cs_client */;

--
-- Dumping data for table `my_aspnet_applications`
--

LOCK TABLES `my_aspnet_applications` WRITE;
/*!40000 ALTER TABLE `my_aspnet_applications` DISABLE KEYS */;
INSERT INTO `my_aspnet_applications` VALUES (1,'/','MySQL Role provider');
/*!40000 ALTER TABLE `my_aspnet_applications` ENABLE KEYS */;
UNLOCK TABLES;

--
-- Table structure for table `my_aspnet_membership`
--

DROP TABLE IF EXISTS `my_aspnet_membership`;
/*!40101 SET @saved_cs_client     = @@character_set_client */;
/*!40101 SET character_set_client = utf8 */;
CREATE TABLE `my_aspnet_membership` (
  `userId` int(11) NOT NULL DEFAULT '0',
  `Email` varchar(128) DEFAULT NULL,
  `Comment` varchar(255) DEFAULT NULL,
  `Password` varchar(128) NOT NULL,
  `PasswordKey` char(32) DEFAULT NULL,
  `PasswordFormat` tinyint(4) DEFAULT NULL,
  `PasswordQuestion` varchar(255) DEFAULT NULL,
  `PasswordAnswer` varchar(255) DEFAULT NULL,
  `IsApproved` tinyint(1) DEFAULT NULL,
  `LastActivityDate` datetime DEFAULT NULL,
  `LastLoginDate` datetime DEFAULT NULL,
  `LastPasswordChangedDate` datetime DEFAULT NULL,
  `CreationDate` datetime DEFAULT NULL,
  `IsLockedOut` tinyint(1) DEFAULT NULL,
  `LastLockedOutDate` datetime DEFAULT NULL,
  `FailedPasswordAttemptCount` int(10) unsigned DEFAULT NULL,
  `FailedPasswordAttemptWindowStart` datetime DEFAULT NULL,
  `FailedPasswordAnswerAttemptCount` int(10) unsigned DEFAULT NULL,
  `FailedPasswordAnswerAttemptWindowStart` datetime DEFAULT NULL,
  PRIMARY KEY (`userId`)
) ENGINE=InnoDB DEFAULT CHARSET=utf8 COMMENT='2';
/*!40101 SET character_set_client = @saved_cs_client */;

--
-- Dumping data for table `my_aspnet_membership`
--

LOCK TABLES `my_aspnet_membership` WRITE;
/*!40000 ALTER TABLE `my_aspnet_membership` DISABLE KEYS */;
INSERT INTO `my_aspnet_membership` VALUES (92,NULL,'','/k3GpzM0695AdqzoSMksKEXLFUE=','metpTxZbre8oVcNbqr3bCg==',1,NULL,NULL,1,'2015-03-21 11:53:15','2015-03-21 11:53:15','2015-03-21 11:53:15','2015-03-21 11:53:15',0,'2015-03-21 11:53:15',0,'2015-03-21 11:53:15',0,'2015-03-21 11:53:15');
/*!40000 ALTER TABLE `my_aspnet_membership` ENABLE KEYS */;
UNLOCK TABLES;

--
-- Table structure for table `my_aspnet_paths`
--

DROP TABLE IF EXISTS `my_aspnet_paths`;
/*!40101 SET @saved_cs_client     = @@character_set_client */;
/*!40101 SET character_set_client = utf8 */;
CREATE TABLE `my_aspnet_paths` (
  `applicationId` int(11) NOT NULL,
  `pathId` varchar(36) NOT NULL,
  `path` varchar(256) NOT NULL,
  `loweredPath` varchar(256) NOT NULL,
  PRIMARY KEY (`pathId`)
) ENGINE=InnoDB DEFAULT CHARSET=latin1;
/*!40101 SET character_set_client = @saved_cs_client */;

--
-- Dumping data for table `my_aspnet_paths`
--

LOCK TABLES `my_aspnet_paths` WRITE;
/*!40000 ALTER TABLE `my_aspnet_paths` DISABLE KEYS */;
/*!40000 ALTER TABLE `my_aspnet_paths` ENABLE KEYS */;
UNLOCK TABLES;

--
-- Table structure for table `my_aspnet_personalizationallusers`
--

DROP TABLE IF EXISTS `my_aspnet_personalizationallusers`;
/*!40101 SET @saved_cs_client     = @@character_set_client */;
/*!40101 SET character_set_client = utf8 */;
CREATE TABLE `my_aspnet_personalizationallusers` (
  `pathId` varchar(36) NOT NULL,
  `pageSettings` blob NOT NULL,
  `lastUpdatedDate` datetime NOT NULL,
  PRIMARY KEY (`pathId`)
) ENGINE=InnoDB DEFAULT CHARSET=latin1;
/*!40101 SET character_set_client = @saved_cs_client */;

--
-- Dumping data for table `my_aspnet_personalizationallusers`
--

LOCK TABLES `my_aspnet_personalizationallusers` WRITE;
/*!40000 ALTER TABLE `my_aspnet_personalizationallusers` DISABLE KEYS */;
/*!40000 ALTER TABLE `my_aspnet_personalizationallusers` ENABLE KEYS */;
UNLOCK TABLES;

--
-- Table structure for table `my_aspnet_personalizationperuser`
--

DROP TABLE IF EXISTS `my_aspnet_personalizationperuser`;
/*!40101 SET @saved_cs_client     = @@character_set_client */;
/*!40101 SET character_set_client = utf8 */;
CREATE TABLE `my_aspnet_personalizationperuser` (
  `id` int(11) NOT NULL AUTO_INCREMENT,
  `applicationId` int(11) NOT NULL,
  `pathId` varchar(36) DEFAULT NULL,
  `userId` int(11) DEFAULT NULL,
  `pageSettings` blob NOT NULL,
  `lastUpdatedDate` datetime NOT NULL,
  PRIMARY KEY (`id`)
) ENGINE=InnoDB DEFAULT CHARSET=latin1;
/*!40101 SET character_set_client = @saved_cs_client */;

--
-- Dumping data for table `my_aspnet_personalizationperuser`
--

LOCK TABLES `my_aspnet_personalizationperuser` WRITE;
/*!40000 ALTER TABLE `my_aspnet_personalizationperuser` DISABLE KEYS */;
/*!40000 ALTER TABLE `my_aspnet_personalizationperuser` ENABLE KEYS */;
UNLOCK TABLES;

--
-- Table structure for table `my_aspnet_profiles`
--

DROP TABLE IF EXISTS `my_aspnet_profiles`;
/*!40101 SET @saved_cs_client     = @@character_set_client */;
/*!40101 SET character_set_client = utf8 */;
CREATE TABLE `my_aspnet_profiles` (
  `userId` int(11) NOT NULL,
  `valueindex` longtext,
  `stringdata` longtext,
  `binarydata` longblob,
  `lastUpdatedDate` timestamp NOT NULL DEFAULT CURRENT_TIMESTAMP ON UPDATE CURRENT_TIMESTAMP,
  PRIMARY KEY (`userId`)
) ENGINE=InnoDB DEFAULT CHARSET=utf8;
/*!40101 SET character_set_client = @saved_cs_client */;

--
-- Dumping data for table `my_aspnet_profiles`
--

LOCK TABLES `my_aspnet_profiles` WRITE;
/*!40000 ALTER TABLE `my_aspnet_profiles` DISABLE KEYS */;
/*!40000 ALTER TABLE `my_aspnet_profiles` ENABLE KEYS */;
UNLOCK TABLES;

--
-- Table structure for table `my_aspnet_roles`
--

DROP TABLE IF EXISTS `my_aspnet_roles`;
/*!40101 SET @saved_cs_client     = @@character_set_client */;
/*!40101 SET character_set_client = utf8 */;
CREATE TABLE `my_aspnet_roles` (
  `id` int(11) NOT NULL AUTO_INCREMENT,
  `applicationId` int(11) NOT NULL,
  `name` varchar(255) NOT NULL,
  PRIMARY KEY (`id`)
) ENGINE=InnoDB AUTO_INCREMENT=2 DEFAULT CHARSET=utf8 ROW_FORMAT=DYNAMIC;
/*!40101 SET character_set_client = @saved_cs_client */;

--
-- Dumping data for table `my_aspnet_roles`
--

LOCK TABLES `my_aspnet_roles` WRITE;
/*!40000 ALTER TABLE `my_aspnet_roles` DISABLE KEYS */;
INSERT INTO `my_aspnet_roles` VALUES (1,1,'Administrator');
/*!40000 ALTER TABLE `my_aspnet_roles` ENABLE KEYS */;
UNLOCK TABLES;

--
-- Table structure for table `my_aspnet_schemaversion`
--

DROP TABLE IF EXISTS `my_aspnet_schemaversion`;
/*!40101 SET @saved_cs_client     = @@character_set_client */;
/*!40101 SET character_set_client = utf8 */;
CREATE TABLE `my_aspnet_schemaversion` (
  `version` int(11) DEFAULT NULL
) ENGINE=InnoDB DEFAULT CHARSET=utf8;
/*!40101 SET character_set_client = @saved_cs_client */;

--
-- Dumping data for table `my_aspnet_schemaversion`
--

LOCK TABLES `my_aspnet_schemaversion` WRITE;
/*!40000 ALTER TABLE `my_aspnet_schemaversion` DISABLE KEYS */;
INSERT INTO `my_aspnet_schemaversion` VALUES (10);
/*!40000 ALTER TABLE `my_aspnet_schemaversion` ENABLE KEYS */;
UNLOCK TABLES;

--
-- Table structure for table `my_aspnet_sessioncleanup`
--

DROP TABLE IF EXISTS `my_aspnet_sessioncleanup`;
/*!40101 SET @saved_cs_client     = @@character_set_client */;
/*!40101 SET character_set_client = utf8 */;
CREATE TABLE `my_aspnet_sessioncleanup` (
  `LastRun` datetime NOT NULL,
  `IntervalMinutes` int(11) NOT NULL,
  `ApplicationId` int(11) NOT NULL,
  PRIMARY KEY (`ApplicationId`)
) ENGINE=InnoDB DEFAULT CHARSET=utf8;
/*!40101 SET character_set_client = @saved_cs_client */;

--
-- Dumping data for table `my_aspnet_sessioncleanup`
--

LOCK TABLES `my_aspnet_sessioncleanup` WRITE;
/*!40000 ALTER TABLE `my_aspnet_sessioncleanup` DISABLE KEYS */;
/*!40000 ALTER TABLE `my_aspnet_sessioncleanup` ENABLE KEYS */;
UNLOCK TABLES;

--
-- Table structure for table `my_aspnet_sessions`
--

DROP TABLE IF EXISTS `my_aspnet_sessions`;
/*!40101 SET @saved_cs_client     = @@character_set_client */;
/*!40101 SET character_set_client = utf8 */;
CREATE TABLE `my_aspnet_sessions` (
  `SessionId` varchar(191) NOT NULL,
  `ApplicationId` int(11) NOT NULL,
  `Created` datetime NOT NULL,
  `Expires` datetime NOT NULL,
  `LockDate` datetime NOT NULL,
  `LockId` int(11) NOT NULL,
  `Timeout` int(11) NOT NULL,
  `Locked` tinyint(1) NOT NULL,
  `SessionItems` longblob,
  `Flags` int(11) NOT NULL,
  PRIMARY KEY (`SessionId`,`ApplicationId`)
) ENGINE=InnoDB DEFAULT CHARSET=utf8;
/*!40101 SET character_set_client = @saved_cs_client */;

--
-- Dumping data for table `my_aspnet_sessions`
--

LOCK TABLES `my_aspnet_sessions` WRITE;
/*!40000 ALTER TABLE `my_aspnet_sessions` DISABLE KEYS */;
/*!40000 ALTER TABLE `my_aspnet_sessions` ENABLE KEYS */;
UNLOCK TABLES;

--
-- Table structure for table `my_aspnet_sitemap`
--

DROP TABLE IF EXISTS `my_aspnet_sitemap`;
/*!40101 SET @saved_cs_client     = @@character_set_client */;
/*!40101 SET character_set_client = utf8 */;
CREATE TABLE `my_aspnet_sitemap` (
  `Id` int(11) NOT NULL AUTO_INCREMENT,
  `Title` varchar(50) DEFAULT NULL,
  `Description` varchar(512) DEFAULT NULL,
  `Url` varchar(512) DEFAULT NULL,
  `Roles` varchar(1000) DEFAULT NULL,
  `ParentId` int(11) DEFAULT NULL,
  PRIMARY KEY (`Id`)
) ENGINE=InnoDB DEFAULT CHARSET=utf8;
/*!40101 SET character_set_client = @saved_cs_client */;

--
-- Dumping data for table `my_aspnet_sitemap`
--

LOCK TABLES `my_aspnet_sitemap` WRITE;
/*!40000 ALTER TABLE `my_aspnet_sitemap` DISABLE KEYS */;
/*!40000 ALTER TABLE `my_aspnet_sitemap` ENABLE KEYS */;
UNLOCK TABLES;

--
-- Table structure for table `my_aspnet_users`
--

DROP TABLE IF EXISTS `my_aspnet_users`;
/*!40101 SET @saved_cs_client     = @@character_set_client */;
/*!40101 SET character_set_client = utf8 */;
CREATE TABLE `my_aspnet_users` (
  `id` int(11) NOT NULL AUTO_INCREMENT,
  `applicationId` int(11) NOT NULL,
  `name` varchar(256) NOT NULL,
  `isAnonymous` tinyint(1) NOT NULL DEFAULT '1',
  `lastActivityDate` datetime DEFAULT NULL,
  PRIMARY KEY (`id`)
) ENGINE=InnoDB AUTO_INCREMENT=93 DEFAULT CHARSET=utf8;
/*!40101 SET character_set_client = @saved_cs_client */;

--
-- Dumping data for table `my_aspnet_users`
--

LOCK TABLES `my_aspnet_users` WRITE;
/*!40000 ALTER TABLE `my_aspnet_users` DISABLE KEYS */;
INSERT INTO `my_aspnet_users` VALUES (92,1,'admin',0,'2015-03-21 11:53:15');
/*!40000 ALTER TABLE `my_aspnet_users` ENABLE KEYS */;
UNLOCK TABLES;

--
-- Table structure for table `my_aspnet_usersinroles`
--

DROP TABLE IF EXISTS `my_aspnet_usersinroles`;
/*!40101 SET @saved_cs_client     = @@character_set_client */;
/*!40101 SET character_set_client = utf8 */;
CREATE TABLE `my_aspnet_usersinroles` (
  `userId` int(11) NOT NULL DEFAULT '0',
  `roleId` int(11) NOT NULL DEFAULT '0',
  PRIMARY KEY (`userId`,`roleId`)
) ENGINE=InnoDB DEFAULT CHARSET=utf8 ROW_FORMAT=DYNAMIC;
/*!40101 SET character_set_client = @saved_cs_client */;

--
-- Dumping data for table `my_aspnet_usersinroles`
--

LOCK TABLES `my_aspnet_usersinroles` WRITE;
/*!40000 ALTER TABLE `my_aspnet_usersinroles` DISABLE KEYS */;
INSERT INTO `my_aspnet_usersinroles` VALUES (92,1);
/*!40000 ALTER TABLE `my_aspnet_usersinroles` ENABLE KEYS */;
UNLOCK TABLES;

--
-- Table structure for table `product_codes`
--

DROP TABLE IF EXISTS `product_codes`;
/*!40101 SET @saved_cs_client     = @@character_set_client */;
/*!40101 SET character_set_client = utf8 */;
CREATE TABLE `product_codes` (
  `id` int(11) NOT NULL,
  `name` varchar(45) DEFAULT NULL,
  `color` varchar(45) DEFAULT NULL,
  PRIMARY KEY (`id`)
) ENGINE=InnoDB DEFAULT CHARSET=utf8;
/*!40101 SET character_set_client = @saved_cs_client */;

--
-- Dumping data for table `product_codes`
--

LOCK TABLES `product_codes` WRITE;
/*!40000 ALTER TABLE `product_codes` DISABLE KEYS */;
INSERT INTO `product_codes` VALUES (11,'White','Gold'),(55,'Red','Red'),(99,'Beer','Brown');
/*!40000 ALTER TABLE `product_codes` ENABLE KEYS */;
UNLOCK TABLES;

--
-- Table structure for table `settings`
--

DROP TABLE IF EXISTS `settings`;
/*!40101 SET @saved_cs_client     = @@character_set_client */;
/*!40101 SET character_set_client = utf8 */;
CREATE TABLE `settings` (
  `version` int(11) NOT NULL,
  `nb_stations` int(11) DEFAULT NULL,
  `min_station_hour` int(11) DEFAULT NULL,
  `max_station_hour` int(11) DEFAULT NULL,
  `hour_intervale` int(11) DEFAULT NULL,
  `auto_print` bit(1) DEFAULT b'0',
  `backup_path` varchar(128) DEFAULT NULL,
  `default_printer` varchar(45) DEFAULT NULL,
  PRIMARY KEY (`version`),
  UNIQUE KEY `version_UNIQUE` (`version`)
) ENGINE=InnoDB DEFAULT CHARSET=utf8;
/*!40101 SET character_set_client = @saved_cs_client */;

--
-- Dumping data for table `settings`
--

LOCK TABLES `settings` WRITE;
/*!40000 ALTER TABLE `settings` DISABLE KEYS */;
INSERT INTO `settings` VALUES (100,3,9,19,60,'\0','C:/temp','Brother MFC-J615W Printer');
/*!40000 ALTER TABLE `settings` ENABLE KEYS */;
UNLOCK TABLES;

--
-- Table structure for table `steps`
--

DROP TABLE IF EXISTS `steps`;
/*!40101 SET @saved_cs_client     = @@character_set_client */;
/*!40101 SET character_set_client = utf8 */;
CREATE TABLE `steps` (
  `id` int(10) unsigned NOT NULL AUTO_INCREMENT,
  `name` varchar(45) DEFAULT NULL,
  `name_french` varchar(45) DEFAULT NULL,
  `final_step` bit(1) DEFAULT b'0',
  `active` bit(1) DEFAULT b'1',
  PRIMARY KEY (`id`),
  UNIQUE KEY `id_UNIQUE` (`id`)
) ENGINE=InnoDB AUTO_INCREMENT=13 DEFAULT CHARSET=utf8;
/*!40101 SET character_set_client = @saved_cs_client */;

--
-- Dumping data for table `steps`
--

LOCK TABLES `steps` WRITE;
/*!40000 ALTER TABLE `steps` DISABLE KEYS */;
INSERT INTO `steps` VALUES (1,'Yeast','Levures','\0',''),(2,'Transfer 1','Transfert 1','\0',''),(3,'Transfer 2','Transfert 2','\0',''),(4,'Transfer 3','Transfert 3','\0',''),(5,'Degazaging','Degazage','\0',''),(6,'Clarification','Clarification','\0',''),(7,'Aromate','Aromates','\0',''),(8,'Oak','Chène','\0',''),(9,'Frigo_start','Frigo (Entrer au)','\0',''),(10,'Frigo_end','Frigo (Sortie du)','\0',''),(11,'Filtring','Filtration','\0',''),(12,'Ready','Pret','','');
/*!40000 ALTER TABLE `steps` ENABLE KEYS */;
UNLOCK TABLES;

--
-- Table structure for table `transaction_step`
--

DROP TABLE IF EXISTS `transaction_step`;
/*!40101 SET @saved_cs_client     = @@character_set_client */;
/*!40101 SET character_set_client = utf8 */;
CREATE TABLE `transaction_step` (
  `id` int(10) unsigned NOT NULL AUTO_INCREMENT,
  `transaction_id` int(11) NOT NULL,
  `step_id` int(11) NOT NULL,
  `date` datetime DEFAULT NULL,
  `done` bit(1) DEFAULT b'0',
  PRIMARY KEY (`id`),
  UNIQUE KEY `id_UNIQUE` (`id`)
) ENGINE=InnoDB AUTO_INCREMENT=87 DEFAULT CHARSET=utf8;
/*!40101 SET character_set_client = @saved_cs_client */;

--
-- Dumping data for table `transaction_step`
--

LOCK TABLES `transaction_step` WRITE;
/*!40000 ALTER TABLE `transaction_step` DISABLE KEYS */;
INSERT INTO `transaction_step` VALUES (55,302,1,'2015-03-09 00:00:00','\0'),(56,302,2,'2015-03-15 00:00:00','\0'),(57,302,5,'2015-03-27 00:00:00','\0'),(58,302,6,'2015-03-27 00:00:00','\0'),(59,302,8,'2015-03-09 00:00:00','\0'),(60,302,11,'2015-04-03 00:00:00','\0'),(61,302,12,'2015-04-09 00:00:00','\0'),(75,301,1,'2015-03-16 00:00:00','\0'),(76,301,2,'2015-03-22 00:00:00','\0'),(77,301,5,'2015-04-03 00:00:00','\0'),(78,301,11,'2015-04-10 00:00:00','\0'),(79,301,12,'2015-04-16 00:00:00','\0'),(80,303,1,'2015-03-16 00:00:00','\0'),(81,303,2,'2015-03-23 00:00:00','\0'),(82,303,5,'2015-04-03 00:00:00','\0'),(83,303,6,'2015-04-03 00:00:00','\0'),(84,303,8,'2015-03-16 00:00:00','\0'),(85,303,11,'2015-04-11 00:00:00','\0'),(86,303,12,'2015-04-16 00:00:00','\0');
/*!40000 ALTER TABLE `transaction_step` ENABLE KEYS */;
UNLOCK TABLES;

--
-- Table structure for table `transactions`
--

DROP TABLE IF EXISTS `transactions`;
/*!40101 SET @saved_cs_client     = @@character_set_client */;
/*!40101 SET character_set_client = utf8 */;
CREATE TABLE `transactions` (
  `id` int(10) unsigned NOT NULL AUTO_INCREMENT,
  `client_id` int(10) unsigned DEFAULT NULL,
  `wine_brand_id` int(10) unsigned DEFAULT NULL,
  `wine_type_id` int(10) unsigned DEFAULT NULL,
  `wine_category_id` int(10) unsigned DEFAULT NULL,
  `date_creation` datetime DEFAULT NULL,
  `date_bottling` datetime DEFAULT NULL,
  `bottling_station` int(4) DEFAULT '0',
  `done` bit(1) DEFAULT b'0',
  `comments` mediumtext,
  `location` varchar(20) DEFAULT NULL,
  `product_code` int(4) DEFAULT NULL,
  PRIMARY KEY (`id`),
  UNIQUE KEY `id_UNIQUE` (`id`)
) ENGINE=InnoDB AUTO_INCREMENT=304 DEFAULT CHARSET=utf8;
/*!40101 SET character_set_client = @saved_cs_client */;

--
-- Dumping data for table `transactions`
--

LOCK TABLES `transactions` WRITE;
/*!40000 ALTER TABLE `transactions` DISABLE KEYS */;
INSERT INTO `transactions` VALUES (301,1,1,1,1,'2015-03-16 21:35:07','2015-04-30 16:00:00',1,'\0','allo\r\n','34',0),(302,1,1,1,13,'2015-03-09 20:27:17','2015-04-09 15:00:00',0,'\0','','44',0),(303,1,2,2,13,'2015-03-16 21:36:33','2015-04-23 13:00:00',1,'\0','','',0);
/*!40000 ALTER TABLE `transactions` ENABLE KEYS */;
UNLOCK TABLES;

--
-- Table structure for table `wine_brands`
--

DROP TABLE IF EXISTS `wine_brands`;
/*!40101 SET @saved_cs_client     = @@character_set_client */;
/*!40101 SET character_set_client = utf8 */;
CREATE TABLE `wine_brands` (
  `id` int(10) unsigned NOT NULL AUTO_INCREMENT,
  `name` varchar(45) DEFAULT NULL,
  `active` bit(1) DEFAULT NULL,
  PRIMARY KEY (`id`),
  UNIQUE KEY `id_UNIQUE` (`id`)
) ENGINE=InnoDB AUTO_INCREMENT=8 DEFAULT CHARSET=utf8;
/*!40101 SET character_set_client = @saved_cs_client */;

--
-- Dumping data for table `wine_brands`
--

LOCK TABLES `wine_brands` WRITE;
/*!40000 ALTER TABLE `wine_brands` DISABLE KEYS */;
INSERT INTO `wine_brands` VALUES (1,'Cru Select',''),(2,'Grand Cru',''),(3,'Cellier Classique',''),(7,'Cru Select','');
/*!40000 ALTER TABLE `wine_brands` ENABLE KEYS */;
UNLOCK TABLES;

--
-- Table structure for table `wine_categories`
--

DROP TABLE IF EXISTS `wine_categories`;
/*!40101 SET @saved_cs_client     = @@character_set_client */;
/*!40101 SET character_set_client = utf8 */;
CREATE TABLE `wine_categories` (
  `id` int(10) unsigned NOT NULL AUTO_INCREMENT,
  `name` varchar(45) DEFAULT NULL,
  `cost` decimal(10,2) DEFAULT NULL,
  `step` int(11) DEFAULT NULL,
  `days` int(11) DEFAULT NULL,
  `symbol` varchar(5) DEFAULT NULL,
  PRIMARY KEY (`id`),
  UNIQUE KEY `id_UNIQUE` (`id`)
) ENGINE=InnoDB AUTO_INCREMENT=201 DEFAULT CHARSET=utf8;
/*!40101 SET character_set_client = @saved_cs_client */;

--
-- Dumping data for table `wine_categories`
--

LOCK TABLES `wine_categories` WRITE;
/*!40000 ALTER TABLE `wine_categories` DISABLE KEYS */;
INSERT INTO `wine_categories` VALUES (1,'4 Blanc',44.00,1,0,'W\r'),(2,'4 Blanc',44.00,2,6,'W\r'),(3,'4 Blanc',44.00,5,18,'W\r'),(5,'4 Blanc',44.00,11,25,'W\r'),(6,'4 Blanc',44.00,12,31,'W\r'),(7,'4 Rose',44.00,1,0,'S\r'),(8,'4 Rose',44.00,2,6,'S\r'),(9,'4 Rose',44.00,5,18,'S\r'),(10,'4 Rose',44.00,6,18,'S\r'),(11,'4 Rose',44.00,11,25,'S\r'),(12,'4 Rose',44.00,12,31,'S\r'),(13,'4 Rouge',44.00,1,0,'R\r'),(14,'4 Rouge',44.00,2,6,'R\r'),(15,'4 Rouge',44.00,5,18,'R\r'),(16,'4 Rouge',44.00,6,18,'R\r'),(17,'4 Rouge',44.00,8,0,'R\r'),(18,'4 Rouge',44.00,11,25,'R\r'),(19,'4 Rouge',44.00,12,31,'R\r'),(20,'5 Blanc',48.00,1,0,'W\r'),(21,'5 Blanc',48.00,2,6,'W\r'),(22,'5 Blanc',48.00,5,18,'W\r'),(23,'5 Blanc',48.00,6,18,'W\r'),(24,'5 Blanc',48.00,11,31,'W\r'),(25,'5 Blanc',48.00,12,38,'W\r'),(26,'5 Rose',48.00,1,0,'S\r'),(27,'5 Rose',48.00,2,6,'S\r'),(28,'5 Rose',48.00,5,18,'S\r'),(29,'5 Rose',48.00,6,18,'S\r'),(30,'5 Rose',48.00,11,31,'S\r'),(31,'5 Rose',48.00,12,38,'S\r'),(32,'5 Rouge',48.00,1,0,'R\r'),(33,'5 Rouge',48.00,2,14,'R\r'),(34,'5 Rouge',48.00,5,24,'R\r'),(35,'5 Rouge',48.00,6,24,'R\r'),(36,'5 Rouge',48.00,8,28,'R'),(37,'5 Rouge',48.00,11,31,'R\r'),(38,'5 Rouge',48.00,12,38,'R\r'),(39,'6 Blanc',54.00,1,0,'W\r'),(40,'6 Blanc',54.00,2,6,'W\r'),(41,'6 Blanc',54.00,5,24,'W\r'),(42,'6 Blanc',54.00,6,24,'W\r'),(43,'6 Blanc',54.00,11,38,'W\r'),(44,'6 Blanc',54.00,12,44,'W\r'),(45,'6 Rose',54.00,1,0,'S\r'),(46,'6 Rose',54.00,2,6,'S\r'),(47,'6 Rose',54.00,5,24,'S\r'),(48,'6 Rose',54.00,6,24,'S\r'),(49,'6 Rose',54.00,11,38,'S\r'),(50,'6 Rose',54.00,12,44,'S\r'),(51,'6 Rouge',54.00,1,0,'R\r'),(52,'6 Rouge',54.00,2,14,'R\r'),(53,'6 Rouge',54.00,5,24,'R\r'),(54,'6 Rouge',54.00,6,24,'R\r'),(55,'6 Rouge',54.00,8,0,'R\r'),(56,'6 Rouge',54.00,11,38,'R\r'),(57,'6 Rouge',54.00,12,44,'R\r'),(58,'Bi',20.00,1,0,'B\r'),(59,'Bi',20.00,2,3,'B\r'),(60,'Bi',20.00,12,18,'B\r'),(61,'En Primeur R',54.00,1,0,'R\r'),(62,'En Primeur R',54.00,2,14,'R\r'),(63,'En Primeur R',54.00,3,24,'R\r'),(64,'En Primeur R',54.00,5,38,'R\r'),(65,'En Primeur R',54.00,6,38,'R\r'),(66,'En Primeur R',54.00,8,0,'R\r'),(67,'En Primeur R',54.00,9,24,'R\r'),(68,'En Primeur R',54.00,10,38,'R\r'),(69,'En Primeur R',54.00,11,53,'R\r'),(70,'En Primeur R',54.00,12,60,'R\r'),(71,'En Primeur W',54.00,1,0,'W\r'),(72,'En Primeur W',54.00,2,6,'W\r'),(73,'En Primeur W',54.00,3,24,'W\r'),(74,'En Primeur W',54.00,5,38,'W\r'),(75,'En Primeur W',54.00,6,38,'W\r'),(76,'En Primeur W',54.00,9,24,'W\r'),(77,'En Primeur W',54.00,10,38,'W\r'),(78,'En Primeur W',54.00,11,53,'W\r'),(79,'En Primeur W',54.00,12,60,'W\r'),(80,'Fruit Blanc',44.00,1,0,'X\r'),(81,'Fruit Blanc',44.00,2,6,'X\r'),(82,'Fruit Blanc',44.00,5,18,'X\r'),(83,'Fruit Blanc',44.00,6,18,'X\r'),(84,'Fruit Blanc',44.00,11,25,'X\r'),(85,'Fruit Blanc',44.00,12,31,'X\r'),(86,'Fruit Rouge',44.00,1,0,'F\r'),(87,'Fruit Rouge',44.00,2,6,'F\r'),(88,'Fruit Rouge',44.00,5,18,'F\r'),(89,'Fruit Rouge',44.00,6,18,'F\r'),(90,'Fruit Rouge',44.00,11,25,'F\r'),(91,'Fruit Rouge',44.00,12,31,'F\r'),(92,'Ice wine',54.00,1,0,'W\r'),(93,'Ice wine',54.00,2,6,'W\r'),(94,'Ice wine',54.00,5,24,'W\r'),(95,'Ice wine',54.00,6,24,'W\r'),(96,'Ice wine',54.00,7,44,'W\r'),(97,'Ice wine',54.00,11,38,'W\r'),(98,'Ice wine',54.00,12,44,'W\r'),(99,'Icewine RED',54.00,1,0,'R\r'),(100,'Icewine RED',54.00,2,6,'R\r'),(101,'Icewine RED',54.00,5,24,'R\r'),(102,'Icewine RED',54.00,6,24,'R\r'),(103,'Icewine RED',54.00,7,24,'R\r'),(104,'Icewine RED',54.00,11,38,'R\r'),(105,'Icewine RED',54.00,12,44,'R\r'),(106,'Mo',69.00,1,0,'W\r'),(107,'Mo',69.00,2,6,'W\r'),(108,'Mo',69.00,3,21,'W\r'),(109,'Mo',69.00,5,45,'W\r'),(110,'Mo',69.00,6,45,'W\r'),(111,'Mo',69.00,9,45,'W\r'),(112,'Mo',69.00,10,59,'W\r'),(113,'Mo',69.00,11,80,'W\r'),(114,'Mo',69.00,12,87,'W\r'),(115,'Mo',69.00,1,0,'W\r'),(116,'Mo',69.00,2,6,'W\r'),(117,'Mo',69.00,3,21,'W\r'),(118,'Mo',69.00,5,73,'W\r'),(119,'Mo',69.00,6,73,'W\r'),(120,'Mo',69.00,8,0,'W\r'),(121,'Mo',69.00,9,21,'W\r'),(122,'Mo',69.00,10,36,'W\r'),(123,'Mo',69.00,11,80,'W\r'),(124,'Mo',69.00,12,87,'W\r'),(125,'Mo',69.00,1,0,'R\r'),(126,'Mo',69.00,2,6,'R\r'),(127,'Mo',69.00,3,21,'R\r'),(128,'Mo',69.00,5,73,'R\r'),(129,'Mo',69.00,6,73,'R\r'),(130,'Mo',69.00,8,0,'R\r'),(131,'Mo',69.00,9,21,'R\r'),(132,'Mo',69.00,10,36,'R\r'),(133,'Mo',69.00,11,80,'R\r'),(134,'Mo',69.00,12,87,'R\r'),(135,'P',44.00,1,0,'W\r'),(136,'P',44.00,2,6,'W\r'),(137,'P',44.00,5,18,'W\r'),(138,'P',44.00,6,18,'W\r'),(139,'P',44.00,8,0,'W\r'),(140,'P',44.00,9,25,'W\r'),(141,'P',44.00,10,32,'W\r'),(142,'P',44.00,11,25,'W\r'),(143,'P',44.00,12,32,'W\r'),(144,'P',54.00,1,0,'W\r'),(145,'P',54.00,2,6,'W\r'),(146,'P',54.00,5,24,'W\r'),(147,'P',54.00,6,24,'W\r'),(148,'P',54.00,8,0,'W\r'),(149,'P',54.00,9,24,'W\r'),(150,'P',54.00,10,37,'W\r'),(151,'P',54.00,11,38,'W\r'),(152,'P',54.00,12,45,'W\r'),(153,'Petillant Rose 6 sem',54.00,1,0,'S\r'),(154,'Petillant Rose 6 sem',54.00,2,6,'S\r'),(155,'Petillant Rose 6 sem',54.00,5,24,'S\r'),(156,'Petillant Rose 6 sem',54.00,6,24,'S\r'),(157,'Petillant Rose 6 sem',54.00,8,0,'S\r'),(158,'Petillant Rose 6 sem',54.00,9,24,'S\r'),(159,'Petillant Rose 6 sem',54.00,10,37,'S\r'),(160,'Petillant Rose 6 sem',54.00,11,38,'S\r'),(161,'Petillant Rose 6 sem',54.00,12,45,'S\r'),(162,'Porto',54.00,1,0,'R\r'),(163,'Porto',54.00,2,6,'R\r'),(164,'Porto',54.00,5,24,'R\r'),(165,'Porto',54.00,6,24,'R\r'),(166,'Porto',54.00,7,44,'R\r'),(167,'Porto',54.00,11,38,'R\r'),(168,'Porto',54.00,12,44,'R\r'),(169,'Porto Blanc',54.00,1,0,'W\r'),(170,'Porto Blanc',54.00,2,6,'W\r'),(171,'Porto Blanc',54.00,5,24,'W\r'),(172,'Porto Blanc',54.00,6,24,'W\r'),(173,'Porto Blanc',54.00,7,44,'W\r'),(174,'Porto Blanc',54.00,11,38,'W\r'),(175,'Porto Blanc',54.00,12,44,'W\r'),(176,'RQ Skin & oak Stick',54.00,1,0,'RQ\r'),(177,'RQ Skin & oak Stick',54.00,2,14,'RQ\r'),(178,'RQ Skin & oak Stick',54.00,5,24,'RQ\r'),(179,'RQ Skin & oak Stick',54.00,6,24,'RQ\r'),(180,'RQ Skin & oak Stick',54.00,8,0,'RQ\r'),(181,'RQ Skin & oak Stick',54.00,11,38,'RQ\r'),(182,'RQ Skin & oak Stick',54.00,12,44,'RQ\r'),(183,'Vin Doux Blanc',54.00,1,0,'W\r'),(184,'Vin Doux Blanc',54.00,2,6,'W\r'),(185,'Vin Doux Blanc',54.00,5,24,'W\r'),(186,'Vin Doux Blanc',54.00,6,24,'W\r'),(187,'Vin Doux Blanc',54.00,7,24,'W\r'),(188,'Vin Doux Blanc',54.00,11,38,'W\r'),(189,'Vin Doux Blanc',54.00,12,44,'W\r'),(190,'Vinerie',55.00,1,0,'R\r'),(191,'Vinerie',55.00,2,14,'R\r'),(192,'Vinerie',55.00,3,24,'R\r'),(193,'Vinerie',55.00,5,38,'R\r'),(194,'Vinerie',55.00,6,38,'R\r'),(195,'Vinerie',55.00,8,0,'R\r'),(196,'Vinerie',55.00,9,24,'R\r'),(197,'Vinerie',55.00,10,38,'R\r'),(198,'Vinerie',55.00,11,53,'R\r'),(199,'Vinerie',55.00,12,60,'R\r'),(200,'',0.00,0,0,'');
/*!40000 ALTER TABLE `wine_categories` ENABLE KEYS */;
UNLOCK TABLES;

--
-- Table structure for table `wine_types`
--

DROP TABLE IF EXISTS `wine_types`;
/*!40101 SET @saved_cs_client     = @@character_set_client */;
/*!40101 SET character_set_client = utf8 */;
CREATE TABLE `wine_types` (
  `id` int(11) unsigned NOT NULL AUTO_INCREMENT,
  `name` varchar(45) DEFAULT NULL,
  `brand_id` int(11) DEFAULT NULL,
  `category_id` int(11) DEFAULT NULL,
  `active` bit(1) DEFAULT b'1',
  PRIMARY KEY (`id`),
  UNIQUE KEY `id_UNIQUE` (`id`)
) ENGINE=InnoDB AUTO_INCREMENT=8 DEFAULT CHARSET=utf8;
/*!40101 SET character_set_client = @saved_cs_client */;

--
-- Dumping data for table `wine_types`
--

LOCK TABLES `wine_types` WRITE;
/*!40000 ALTER TABLE `wine_types` DISABLE KEYS */;
INSERT INTO `wine_types` VALUES (1,'Sauvignon Blanc',1,1,''),(2,'Barolo',2,13,''),(3,'Cabernet-Sauvignon',3,32,''),(4,'Cabernet-Sauvignon/Merlot',2,32,'\0'),(5,'Chianti',3,51,''),(7,'Barolo',5,1,'');
/*!40000 ALTER TABLE `wine_types` ENABLE KEYS */;
UNLOCK TABLES;
/*!40103 SET TIME_ZONE=@OLD_TIME_ZONE */;

/*!40101 SET SQL_MODE=@OLD_SQL_MODE */;
/*!40014 SET FOREIGN_KEY_CHECKS=@OLD_FOREIGN_KEY_CHECKS */;
/*!40014 SET UNIQUE_CHECKS=@OLD_UNIQUE_CHECKS */;
/*!40101 SET CHARACTER_SET_CLIENT=@OLD_CHARACTER_SET_CLIENT */;
/*!40101 SET CHARACTER_SET_RESULTS=@OLD_CHARACTER_SET_RESULTS */;
/*!40101 SET COLLATION_CONNECTION=@OLD_COLLATION_CONNECTION */;
/*!40111 SET SQL_NOTES=@OLD_SQL_NOTES */;

-- Dump completed on 2015-03-21 14:25:57
